,title,description,originallink,link,pubDate
0,7월 영화산업 매출액 1704억원 기록…코로나19 이전 수준 회복,연속 <b>코로나</b>19 사태 이전 수준을 확보했다. 17일 영화진흥위원회는 &apos;7월 한국 영화산업 결산&apos; 자료를 발표하며 &quot;7월 전체 매출액은 1704억 원으로 3개월 연속 전체 월별 매출액이 <b>코로나</b>19 사태 이전 수준을... ,https://www.dailian.co.kr/news/view/1143775/?sc=Naver,https://n.news.naver.com/mnews/article/119/0002631263?sid=106,"Thu, 18 Aug 2022 10:29:00 +0900"
1,"세븐틴 디노, 美 투어 중 코로나19 확진 ""다른 멤버들 음성"" [전문]",그룹 세븐틴 멤버 디노가 신종 <b>코로나</b>바이러스 감염증(<b>코로나</b>19) 확진 판정을 받았다. 소속사 플레디스엔터테인먼트는 18일 공식 SNS를 통해 &quot;디노는 8월 16일(미국 서부시간) 로스앤젤레스에서 시행한 PCR 검사에서... ,https://www.xportsnews.com/article/1619038,https://n.news.naver.com/mnews/article/311/0001489851?sid=106,"Thu, 18 Aug 2022 10:28:00 +0900"
2,"18일 17만8574명 확진, 전주의 1.3배...원숭이두창 일주일에 20% 증가",18일 0시 기준 <b>코로나</b>19 확진 현황 신종 <b>코로나</b> 바이러스 감염증(<b>코로나</b>19) 재유행이 계속되는 가운데 18일 신규 확진자 수가 이틀째 10만명대 후반을 기록했다. 중앙방역대책본부는 18일 0시 기준으로... ,http://www.namdonews.com/news/articleView.html?idxno=692130,http://www.namdonews.com/news/articleView.html?idxno=692130,"Thu, 18 Aug 2022 10:28:00 +0900"
3,"싱가포르 난양이공대, 427억원짜리 로봇연구센터 개소","시에 교수는 확인된 세 가지 연구 분야는 싱가포르에 중요하며 이 분야는 <b>코로나</b>19 팬데믹(세계적 대유행)... 탄 박사는 개소식 연설에서 <b>코로나</b>19 팬데믹이 로봇 기술과 프로세스의 자동화에 대한 수요를 자극했고, 의료... ",http://www.irobotnews.com/news/articleView.html?idxno=29299,http://www.irobotnews.com/news/articleView.html?idxno=29299,"Thu, 18 Aug 2022 10:28:00 +0900"
4,"호남대학교 외식조리학과, 입학 멘토링&SNS 홍보단 간담회","<b>코로나</b>19 방역수칙을 준수한 가운데 진행된 이날 간담회에는 외식조리학과 창업보육·교육센터장 김성수 교수, 취업 BUM 이상진 교수가 참석해 향후 학과 홍보활동 계획을 논의하는 한편 학과 학생회 간부들과 입학... ",http://www.cooknchefnews.com/news/view/1065576388546611,http://www.cooknchefnews.com/news/view/1065576388546611,"Thu, 18 Aug 2022 10:28:00 +0900"
5,메시 “벤제마 멋졌다…레반도프스키도 최고였다”,발롱도르를 주관하는 ‘프랑스 풋볼’은 <b>코로나</b>19를 이유로 2020년 발롱도르를 선정하지 않았다. 레반도프스키가 지난해 발롱도르를 놓친 것을 더 아쉬워한 이유다. 메시는 “누구든 자기 생각을 말할 수 있다.... ,http://mksports.co.kr/view/2022/730078/,https://sports.news.naver.com/news.nhn?oid=410&aid=0000888589,"Thu, 18 Aug 2022 10:28:00 +0900"
6,"직주근접 단지, 인기 '고공행진'… 수도권 넘어 지방까지 확산","여기에 최근 <b>코로나</b>19 바이러스로 많은 사람들이 이용하는 대중교통에 대한 불안감이 커진 점도 직주근접 단지의 인기 요소가 됐다. 이러한 가운데, 지방 직주근접 단지들이 분양을 앞두고 있어 이목이 집중되고 있다.... ",http://www.ikld.kr/news/articleView.html?idxno=259345,http://www.ikld.kr/news/articleView.html?idxno=259345,"Thu, 18 Aug 2022 10:28:00 +0900"
7,올해 6월까지 걷힌 국세수입 '218조'…나라 살림살이 적자는 '102조',"예산 지출은 선별진료소 운영지원 등 <b>코로나</b> 위기 대응 사업, 지방교부세(금) 등으로 전년동기 대비 19조5000억원 증가했다. 진도율은 57.3%다. 기금 지출은 소상공인 손실보전금 지급을 위한 조치 등으로... ",http://www.newstomato.com/ReadNews.aspx?no=1141725&inflow=N,http://www.newstomato.com/ReadNews.aspx?no=1141725&inflow=N,"Thu, 18 Aug 2022 10:28:00 +0900"
8,"세종교육청, 2023학년도 수능 응시원서 접수","않음), <b>코로나</b>19 관련 자가격리자 및 확진자 등은 예외적으로 대리 접수할 수 있다. 아울러, 세종시 거주하는... 올해도 마스크 착용, 손소독제 사용, 1m 이상 거리두기 등의 <b>코로나</b>19 예방을 위한 방역관리 지침을 준수하며... ",http://www.ccnnews.co.kr/news/articleView.html?idxno=266275,http://www.ccnnews.co.kr/news/articleView.html?idxno=266275,"Thu, 18 Aug 2022 10:28:00 +0900"
9,"홍성군, '2022 을지연습 통합방위협의회 회의' 개최","그동안 <b>코로나</b>19 상황 대응에 정부의 역량을 집중하면서 을지연습이 축소 시행되어왔으나, 올해는 국가위기관리 및 총력전 대응 역량을 총체적으로 점검하는 데 목표를 두고 시행된다. 2022 을지연습 통합방위협의회... ",http://www.ccnnews.co.kr/news/articleView.html?idxno=266277,http://www.ccnnews.co.kr/news/articleView.html?idxno=266277,"Thu, 18 Aug 2022 10:28:00 +0900"
10,"KB국민카드, 해외 저소득층 아동 위한 고객참여 봉사활동","이번 캠페인은 &apos;<b>코로나</b>19&apos; 상황을 고려한 비대면 사회공헌 활동으로 KB금융그룹 캐릭터인 스타프렌즈가 도안된 티셔츠에 고객이 직접 채색해 완성하는 &apos;사랑T&apos; 만들기와 가정 내 재사용이 가능한 의류, 학용품 등 물품을... ",http://www.newscape.co.kr/news/articleView.html?idxno=87825,http://www.newscape.co.kr/news/articleView.html?idxno=87825,"Thu, 18 Aug 2022 10:28:00 +0900"
11,韓관광공사 10만 한류 커뮤니티에 기업 연계 온라인몰 운영,<b>코로나</b>19(COVID-19)로 한국 관광이 어려운 상황에서 한류에 대한 관심을 유지하는 데 기여했단 평가다. 이번에 새롭게 운영하는 모이자마켓은 K-프렌즈 회원들이 한국 관련 상품과 서비스를 직접 체험할 수 있게 돕는... ,http://news.mt.co.kr/mtview.php?no=2022081809370411122,https://n.news.naver.com/mnews/article/008/0004784376?sid=103,"Thu, 18 Aug 2022 10:28:00 +0900"
12,"TBC)코로나19 신규 확진 대구 9,933명 경북 10,125명","오늘 대구와 경북의 <b>코로나</b>19 신규 확진자는 2만여 명입니다. 대구는 9,933명이 신규 확진 판정을 받아 어제보다 천여 명이 늘었고, 경북은 23개 시군에서 확진자가 10,125명 나와 어제보다 2천여 명 증가했습니다.... ",http://www.tbc.co.kr/tbc_news/n14_newsview.html?p_no=20220818090822AE09491,http://www.tbc.co.kr/tbc_news/n14_newsview.html?p_no=20220818090822AE09491,"Thu, 18 Aug 2022 10:28:00 +0900"
13,"홍성군, 청년월세 한시 특별지원 사업 추진",홍성군청사 이 사업은 <b>코로나</b>19 장기화로 인한 경제상황 악화로 인해 경제적 어려움을 겪고 있는 저소득 청년층의 주거비 부담 경감을 위해 한시적으로 추진하는 사업이다. 지원대상은 만 19세~34세 이하(2022년... ,http://www.ccnnews.co.kr/news/articleView.html?idxno=266276,http://www.ccnnews.co.kr/news/articleView.html?idxno=266276,"Thu, 18 Aug 2022 10:28:00 +0900"
14,[그래픽뉴스] 전국 코로나19 확진자 현황,"18일 0시 기준 국내 <b>코로나</b>19 신규 확진자가 17만8574명 늘어 누적 2186만 1296명으로 집계됐다. 홍상수기자 kym@jeonmae.co.kr 전국매일신문,전국은지금,전국뉴스,전국,그래픽뉴스,전국,<b>코로나</b>19,확진자,현황,전국매일신문... ",https://www.jeonmae.co.kr/news/articleView.html?idxno=909467,https://www.jeonmae.co.kr/news/articleView.html?idxno=909467,"Thu, 18 Aug 2022 10:28:00 +0900"
15,"코빗, 울트라 코리아 2022 NFT 판매",오세진 코빗 대표는 “<b>코로나</b>19 여파로 3년 만에 열리는 축제인 만큼 NFT로 평생 소장해 축제를 더 의미 있게 기억할 수 있다”며 “앞으로도 다양한 행사와 연계해 코빗의 NFT를 많은 분들에게 소개하고 싶다”고... ,https://hankookilbo.com/News/Read/A2022081810220000135?did=NA,https://n.news.naver.com/mnews/article/469/0000692192?sid=101,"Thu, 18 Aug 2022 10:27:00 +0900"
16,'체육대회 때문에 추경 편성?' 금정구 구민 체육대회 논란,"<b>코로나</b>19로 지친 주민을 위로하고, 구민 건강을 증진하기 위해서 행사를 추진한다고 금정구는 설명했다.... 특히 <b>코로나</b>19가 확산과 소강을 거듭하며 여전히 주민 안전을 위협하는 상황에, 대규모 행사를 개최하는 것이... ",https://www.nocutnews.co.kr/news/5803622,https://n.news.naver.com/mnews/article/079/0003675907?sid=102,"Thu, 18 Aug 2022 10:27:00 +0900"
17,"경기도, K-뷰티 최대시장 동남아시아 공략 나선다",이와 함께 도는 <b>코로나</b>19 변수를 감안해 현지 입국이 어려운 참가기업을 위해서는 현지에서 부스를 대신... 김규식 도 미래성장정책관은 “지난해에도 <b>코로나</b>19로 인해 판로개척에 많은 어려움이 있는 상황에서도... ,https://news.kmib.co.kr/article/view.asp?arcid=0017384085&code=61121111&cp=nv,https://n.news.naver.com/mnews/article/005/0001547216?sid=102,"Thu, 18 Aug 2022 10:27:00 +0900"
18,"젊은 층에 술 권하는 日…""코로나로 세수 줄어""",이는 <b>코로나</b>19 이후 젊은 층이 술 소비를 줄이면서 관련 세수가 줄어든 탓이다. 일본 국세청에 따르면... 일본 국세청의 한 관계자는 &quot;<b>코로나</b>19 재택근무를 거치면서 많은 사람들이 동료들과 깊이 있는 소통을 하기... ,https://www.sedaily.com/NewsView/269UH1MQK9,https://n.news.naver.com/mnews/article/011/0004088825?sid=104,"Thu, 18 Aug 2022 10:27:00 +0900"
19,"롯데면세점, 골목상권 지원 나선다···인천 소상공인 외식업체 40곳 선정",[사진=롯데면세점] 롯데면세점이 <b>코로나</b> 장기화로 외식경영에 어려움을 겪고 있는 소상공인을 돕기 위한 ‘치어럽스(CHEERUPS)’ 프로젝트 2기 모집을 완료하고 본격적으로 골목상권 살리기에 나섰다고 18일 밝혔다.... ,https://www.ajunews.com/view/20220818093440247,https://www.ajunews.com/view/20220818093440247,"Thu, 18 Aug 2022 10:26:00 +0900"
20,"교보생명, 집중호우 피해복구 성금 2억원 기부","교보생명은 지난 2020년에도 <b>코로나</b>19 극복 지원 성금, 집중호우 피해 복구 성금을 전국재해구호협회에 전달했으며, 지난 3월에는 강원·경북 산불 피해 복구 성금을 기부하는 등 재해·재난 복구 지원을 위한 다양한... ",http://www.lcnews.co.kr/news/articleView.html?idxno=37147,http://www.lcnews.co.kr/news/articleView.html?idxno=37147,"Thu, 18 Aug 2022 10:26:00 +0900"
21,"“애플, 탈중국 속도전 돌입”…베트남서 애플워치·맥북 생산 검토",노트북은 더욱 광범위한 공급망이 필요하다는 점과 <b>코로나</b>19 팬데믹으로 인해 공급망 작동에 발생한 차질이... ‘제로<b>코로나</b>’ 정책으로 중국 업체들의 생산 안정성도 저해되고 있어서다. 애플은 세계 제2의 스마트폰... ,https://www.tfmedia.co.kr/news/article.html?no=130488,https://www.tfmedia.co.kr/news/article.html?no=130488,"Thu, 18 Aug 2022 10:26:00 +0900"
22,"코빗, 울트라 코리아 2022 NFT 판매...NFT 사서 EDM 즐긴다",오세진 코빗 대표는 &quot;신종 <b>코로나</b>바이러스 감염증(<b>코로나</b>19) 여파로 3년만에 열리는 축제인 만큼 NFT로 평생 소장해 축제를 더 의미 있게 기억할 수 있다&quot;며 &quot;앞으로도 다양한 행사와 연계해 코빗의 NFT를 많은... ,https://www.techm.kr/news/articleView.html?idxno=100609,https://www.techm.kr/news/articleView.html?idxno=100609,"Thu, 18 Aug 2022 10:26:00 +0900"
23,"한전기술, 열린도서관 재개방...지역상생 활성화","한전기술이 재개방한 열린도서관에서 아이들이 강사의 얘기를 듣고 있다.(사진=한전기술 제공) 한국전력기술이 하계 방학기간을 맞아 <b>코로나</b>19 이후 잠시 문을 닫았던 &apos;열린도서관&apos;을 2년만에 시범 오픈하고, 지역 주민과... ",http://www.economytalk.kr/news/articleView.html?idxno=224961,http://www.economytalk.kr/news/articleView.html?idxno=224961,"Thu, 18 Aug 2022 10:26:00 +0900"
24,"헥톤프로젝트 '또하나의가족', 요양시설 회계·재무 교육 진행","교육은 <b>코로나</b>19로 온라인으로 진행됐으며, 전국 회원 약 100여명이 참석했다. 이번 교육은 시설 운영자가 필수로 인지해야 할 회계 기준과 재무 환경에 대한 내용으로 구성됐다. 교육은 한국노인장기요양기관협회... ",https://www.youthdaily.co.kr/news/article.html?no=108761,https://www.youthdaily.co.kr/news/article.html?no=108761,"Thu, 18 Aug 2022 10:26:00 +0900"
25,2일 연속 9000명대···인천 코로나19 신규 확진 9222명,18일 인천시가 발표한 <b>코로나</b>19 현황에 따르면 10개 군·구에서 9222명의 확진자가 발생했다. (CG=중앙신문) 인천지역의 <b>코로나</b>19 신규 확진자 수가 2일 연속으로 9000명대를 기록하고 있다. 18일 인천시가... ,http://www.joongang.tv/news/articleView.html?idxno=56117,http://www.joongang.tv/news/articleView.html?idxno=56117,"Thu, 18 Aug 2022 10:26:00 +0900"
26,"KT, 초등 라이브 교육 플랫폼 출시",박정호 KT 커스터머DX사업단 상무는 &quot;<b>코로나</b>19로 온라인 기반 교육은 이제 새로운 교육 패러다임으로 자리 잡았다. 지금보다 발전된 온라인 학습의 새로운 표준이 필요한 시점&quot;이라며 &quot;기존 오프라인 교육 환경을 넘어... ,http://www.inews24.com/view/1511277,https://n.news.naver.com/mnews/article/031/0000692425?sid=105,"Thu, 18 Aug 2022 10:26:00 +0900"
27,"쓰레기가 된 백신 529만회분 ""백신 누가 계약했나?""",재고로 남은 <b>코로나</b>19 백신의 유효기간이 다가오고 있지만 정부가 해외공여 등 처리방안을 찾기 쉽지... 하지만 <b>코로나</b> 초기와 달리 전세계적으로 물량이 충분하므로 백신을 원하는 국가도 거의 없다. 미국... ,http://www.fntoday.co.kr/news/articleView.html?idxno=278699,http://www.fntoday.co.kr/news/articleView.html?idxno=278699,"Thu, 18 Aug 2022 10:26:00 +0900"
28,신규확진 18만명 육박…위중증 470명·사망 61명,<b>코로나</b>19 신규 확진자가 전날보다 소폭 줄었지만 여전히 18만명을 육박했다. 중앙방역대책본부는 18일 0시 기준으로 신규 확진자가 17만8574명 발생했다고 밝혔다. 누적 확진자는 2186만1296명이다. 이날... ,https://www.nocutnews.co.kr/news/5803624,https://n.news.naver.com/mnews/article/079/0003675906?sid=102,"Thu, 18 Aug 2022 10:26:00 +0900"
29,"루켄테크놀러지스, 내년 코스닥 상장 재시동…""반도체 사업 성장세 기대""","루켄테크놀러지스 관계자는 &quot;2020년 <b>코로나</b> 여파로 실적이 부진했었으나, 2021년 실적이 빠르게 회복되면서 <b>코로나</b> 이전 실적을 달성했다&quot;며 &quot;<b>코로나</b>19 사태에 따른 어려운 상황에서도 위기를 기회로 삼아 반도체... ",http://www.newspim.com/news/view/20220818000088,http://www.newspim.com/news/view/20220818000088,"Thu, 18 Aug 2022 10:26:00 +0900"
30,"괴산증평교육청, 을지연습 3년만에 정상 추진","특히, 올해 을지연습은 <b>코로나</b>19 상황으로 3년만에 정상 추진함에 따라 안보 위협 대비 교육분야 임무 및 기능의 효율적 수행 역량 강화에 중점을 두고 훈련이 진행된다. 김종렬 교육장은 &quot;최근 안보환경이 변화함에 따라... ",http://www.chungnamilbo.co.kr/news/articleView.html?idxno=674872,http://www.chungnamilbo.co.kr/news/articleView.html?idxno=674872,"Thu, 18 Aug 2022 10:26:00 +0900"
31,"저축은행업계, 집중호우 피해 복구 위해 3억원 기부","저축은행업계는 지난 강원도 산불, 신종 <b>코로나</b>바이러스 감염증(<b>코로나</b>19) 등 국가적 재난 발생시에도 성금을 기부해왔다. 이뿐 아니라 신종 <b>코로나</b>바이러스 감염증(<b>코로나</b>19) 관련 만기연장·상환유예 등 금융지원... ",http://www.goodkyung.com/news/articleView.html?idxno=185001,http://www.goodkyung.com/news/articleView.html?idxno=185001,"Thu, 18 Aug 2022 10:26:00 +0900"
32,천주교 주교회의 한일 탈핵 평화순례…3년만에 대면 개최,"<b>코로나</b>19로 인해 3년 만에 대면 개최된다. 행사 주제는 &apos;기후위기의 해결책이 아닌 핵발전&apos;이다. 위원회는 &quot;정부에서 핵발전 강화, 핵발전 중심 에너지 정책을 내놓은 상황&quot;이라며 &quot;노후 핵발전소 수명 연장과 핵폐기물... ",http://www.newsis.com/view/?id=NISX20220818_0001982220&cID=10701&pID=10700,https://n.news.naver.com/mnews/article/003/0011369644?sid=103,"Thu, 18 Aug 2022 10:26:00 +0900"
33,"현대모비스, 차량 내장형 공기살균시스템 적용",이 기술은 <b>코로나</b>19 팬데믹과 차량 공유 시장이 활성화됨에 따라 위생을 강조하는 최근 차량 이용 트렌드 변화를 겨냥해 개발됐다. 더욱 쾌적하고 안전한 모빌리티 라이프를 즐기려는 차량 이용자들의 호응이 예상된다.... ,https://idsn.co.kr/news/view/1065545634890143,https://idsn.co.kr/news/view/1065545634890143,"Thu, 18 Aug 2022 10:26:00 +0900"
34,서울시 “손주 돌보는 조부모에 월 30만원 돌봄수당”,"스마트폰 과다노출, <b>코로나</b>19로 인한 집콕, 원격수업 등 급변하는 보육환경에서 자라나는 아이들의 언어·지능 발달 지연을 예방하고 전문가 치료까지 원스톱으로 받을 수 있는 ‘서울아이 발달지원 센터’도 내년... ",https://www.seoul.co.kr/news/newsView.php?id=20220818500024&wlog_tag3=naver,https://n.news.naver.com/mnews/article/081/0003295301?sid=102,"Thu, 18 Aug 2022 10:26:00 +0900"
35,"인천 중구, 다음달 ‘7330생활체육교실’ 운영 재개","<b>코로나</b>19 확산으로 잠정 중단했다가 재개한 7330생활체육교실은 주민이 건전한 여가생활과 일상생활을 영위하도록 ‘7일 중 3일, 30분 이상 운동하자’는 목적으로 운영하는 프로그램이다. 체육교실 종목은... ",http://www.edaily.co.kr/news/newspath.asp?newsid=01908966632428632,https://n.news.naver.com/mnews/article/018/0005294966?sid=102,"Thu, 18 Aug 2022 10:26:00 +0900"
36,"2022 K-뷰티 엑스포, 대만과 인도네시아에서 정상 개최",현지 주최 전시회와 동시개최로 시너지 효과 기대 다년간 노하우 바탕으로 수출상담회 등 <b>코로나</b>19 상황에... <b>코로나</b>19 변수를 감안해 현지 입국이 어려운 참가기업을 위해서는 현지에서 부스를 대신 운영할 통역원... ,https://www.asiatoday.co.kr/view.php?key=20220818010010545,https://www.asiatoday.co.kr/view.php?key=20220818010010545,"Thu, 18 Aug 2022 10:26:00 +0900"
37,경기 코로나19 신규 확진자 4만2435명···14명 사망,18일 경기도가 발표한 <b>코로나</b>19 현황에 따르면 경기지역 31개 시·군에서 4만2435명의 확진자가 발생했다. (CG=중앙신문) 18일 경기도가 발표한 <b>코로나</b>19 현황에 따르면 경기지역 31개 시·군에서... ,http://www.joongang.tv/news/articleView.html?idxno=56118,http://www.joongang.tv/news/articleView.html?idxno=56118,"Thu, 18 Aug 2022 10:26:00 +0900"
38,경산시 민선 8기 첫 읍면동장 회의… '시민감동' 행정 당부,이날 회의에서는 민선 8기 시정운영 방향과 함께 △경산시 긴급재난지원금 지원 △추석명절 종합대책 수립 △여름철 환경정비 추진 △집중호우·태풍 대비 안전관리 △<b>코로나</b>19 4차 예방접종 확대 실시 등 주요 현안사항에... ,https://www.pressian.com/pages/articles/2022081810202622352?utm_source=naver&utm_medium=search,https://n.news.naver.com/mnews/article/002/0002255569?sid=102,"Thu, 18 Aug 2022 10:25:00 +0900"
39,경기 4만2435명 신규 확진…1주일 전보다 7천5백여 명 늘어,"경기도는 18일 0시 기준으로 집계된 17일 하루 도내 <b>코로나</b>19 확진자가 4만2천435명이라고 밝혔습니다.... 도내 <b>코로나</b>19 전담 병상 가동률은 57.7%로 전날보다 2.3%포인트 낮아졌지만, 중증 환자 병상 가동률은 47.... ",https://news.kbs.co.kr/news/view.do?ncd=5535796&amp;ref=A,https://n.news.naver.com/mnews/article/056/0011323019?sid=102,"Thu, 18 Aug 2022 10:25:00 +0900"
40,시흥시 '소상공인시장진흥공단 시흥센터' 개소,"임병택 시흥시장은 &quot;시흥센터 개소는 <b>코로나</b>19로 위기에 처한 관내 3만여 소상공인들에게 큰 힘이 될 것&quot;이라며 &quot;현장 밀착지원을 통해 소상공인과 전통시장의 경쟁력 제고 및 자생력 강화, 지역경제 활성화 등을... ",http://www.newspim.com/news/view/20220818000155,http://www.newspim.com/news/view/20220818000155,"Thu, 18 Aug 2022 10:25:00 +0900"
41,"모두투어 X 캐치패션, `일상 회복 후 첫 여름휴가` 25세~45세 2,920명 대상 설...","<b>코로나</b> 재확산과 이른 추석 연휴가 영향을 미친 것으로 보인다. 여름휴가 일정을 묻는 질문에 10명 중 6명이 &apos;7월(19.7%)&apos;과 &apos;8월(41.5%)&apos;이라고 답했는데, &apos;9월 이후&apos;로 계획했다는 이들도 35%로 높게 조사됐다. <b>코로나</b>... ",http://www.discoverynews.kr/news/articleView.html?idxno=859450,http://www.discoverynews.kr/news/articleView.html?idxno=859450,"Thu, 18 Aug 2022 10:24:00 +0900"
42,"美 이어 캐나다 의원들도 대만 방문, 中 반응 나올까",그는 캐나다 의원들이 과거에도 2년에 1번씩 대만을 방문했다며 최근에는 <b>코로나</b>19 때문에 가지 못했다고 설명했다. 그는 &quot;대만이나 중국에 문제를 일으키고 혼란을 일으키려는 것이 아니다&quot;라고 강조했다. 스그로는... ,http://www.fnnews.com/news/202208180905340989,https://n.news.naver.com/mnews/article/014/0004884935?sid=104,"Thu, 18 Aug 2022 10:24:00 +0900"
43,여수서 열린 '2022 미스인터콘티넨탈 코리아 탤런트 대회' 성료,"<b>코로나</b> 이전 10년 연속 중화권 쇼케이스와 일본, 동남아시아 등 80여 회 해외 쇼케이스를 통해 한국의 유수한 인재들을 드라마, 영화 인플루언서로 데뷔시킨 명문대회로 알려지기도 했다. 한편 &apos;제50주년 기념... ",http://www.newsis.com/view/?id=NISX20220818_0001982302&cID=10809&pID=10800,https://n.news.naver.com/mnews/article/003/0011369630?sid=102,"Thu, 18 Aug 2022 10:24:00 +0900"
44,"토이트론, 서초구가족센터 초등생 과학 멘토링 프로그램 진행",토이 트론 관계자는 “<b>코로나</b>19의 장기화로 우리 아이들을 위한 다양한 체험 프로그램과 돌봄 프로그램이 크게 줄었다. 이번 과학 멘토링 프로그램을 통해 서초구 관내 초등학생들에게 믿을 만한 회사의 믿음직한 과학... ,http://edu.donga.com/?p=article&ps=view&at_no=20220818102143526537,http://edu.donga.com/?p=article&ps=view&at_no=20220818102143526537,"Thu, 18 Aug 2022 10:24:00 +0900"
45,"KB국민카드, 해외 저소득층 아동 위한 고객 참여형 봉사활동 실시","이번 캠페인은 &apos;<b>코로나</b> 19&apos; 상황을 고려한 비대면 사회공헌 활동으로 KB금융그룹 캐릭터인 스타프렌즈가 도안된 티셔츠에 고객이 직접 채색해 완성하는 &apos;사랑T&apos; 만들기와 가정 내 재사용이 가능한 의류, 학용품 등 물품을... ",http://www.consumernews.co.kr/news/articleView.html?idxno=656901,http://www.consumernews.co.kr/news/articleView.html?idxno=656901,"Thu, 18 Aug 2022 10:24:00 +0900"
46,"‘위대한 수업, 그레이트 마인즈’ 시즌2 29일부터 방송","특히, <b>코로나</b>19로 지식 격차가 심화되는 상황에서 ‘지식의 민주주의’, ‘일상적 교육 혁명’을 이루겠다는 목표를 충실한 구현한 점이 호평을 받았다. 실제로 국가평생교육진흥원이 운영하는 K-MOOC의 회원 수는... ",https://www.hangyo.com/news/article.html?no=96968,https://www.hangyo.com/news/article.html?no=96968,"Thu, 18 Aug 2022 10:24:00 +0900"
47,"헥톤프로젝트 ‘또하나의가족’, 요양시설 운영자 대상 회계·재무 교육 진행",및 종사자가 요양시설을 운영하는데 실질적인 도움을 드릴 수 있도록 노력할 것”이라고 말했다. 이날 교육은 신종 <b>코로나</b>바이러스 감염증(<b>코로나</b>19) 영향으로 온라인으로 진행됐으며 전국 회원 약 100여명이 참석했다.,https://www.news2day.co.kr/article/20220818500111,https://www.news2day.co.kr/article/20220818500111,"Thu, 18 Aug 2022 10:24:00 +0900"
48,"마포구, 만 19세 이상 915명 대상 '지역사회건강조사' 실시","질 ▲<b>코로나</b>19 등 총 19개 영역, 138개 문항으로 구성돼, 보건의료계획 수립과 건강통계자료 생산에 이용된다.... 또한 &quot;<b>코로나</b>19 상황이 계속됨에 따라 마스크 착용, 손 소독 등 <b>코로나</b>19 방역수칙을 철저히 준수하는 가운데... ",http://www.hg-times.com/news/articleView.html?idxno=243919,http://www.hg-times.com/news/articleView.html?idxno=243919,"Thu, 18 Aug 2022 10:24:00 +0900"
49,"NH농협은행, ‘방역핀패드’ 전영업점에 도입 운영","NH농협은행, ‘방역핀패드’ 전영업점에 도입 운영 NH농협은행은 <b>코로나</b>19 확산 방지와 고객의 안전한... 조상진 IT부문 부행장은 “최근 <b>코로나</b>19 재확산에 따라 확대를 서두르게 됐다”며, “고객 가치를 최우선으로... ",https://www.viva100.com/main/view.php?key=20220818010004436,https://www.viva100.com/main/view.php?key=20220818010004436,"Thu, 18 Aug 2022 10:24:00 +0900"
50,"[기고] 조선시대 선비처럼, 정약용처럼",요즈음 <b>코로나</b>19로 사회가 몹시 불안하다. 함께 극복해내려던 모습을 강조하던 초기 <b>코로나</b>시대를 지나 이젠 순번제라는 말이 유행할 정도이다. 그러나 나는 이런 때야말로 공무원의 참모습을 강조하고 본받아야할 때라고... ,https://www.jejutwn.com/news/article.html?no=142665,https://www.jejutwn.com/news/article.html?no=142665,"Thu, 18 Aug 2022 10:24:00 +0900"
51,제23회 CBS 전국청소년 음악콩쿠르 내달 17일 서원대서 개최,"이번 콩쿠르는 <b>코로나</b>19 확산으로 정부 지침에 맞춰 거리두기, 발열 체크, 손 소독 등 <b>코로나</b>19 감염 수칙을 철저히 준수하면서 진행된다. 또 감염병 예방차원에서 예선과 본선, 대상 경연장에 참가자 이외에... ",https://www.nocutnews.co.kr/news/5803616,https://n.news.naver.com/mnews/article/079/0003675903?sid=102,"Thu, 18 Aug 2022 10:24:00 +0900"
52,"세종시 ""배달용 오토바이 3년내 모두 전기차로 교체""",최근 3년 동안 <b>코로나</b>19로 배달 수요가 증가한 상황에서 내연기관 배달 오토바이는 대기오염과 생활소음 및 사고발생의 주요 원인으로 지목돼 단속을 강화해야 한다는 등 여론이 높아졌다. 배달용 전기 오토바이... ,http://www.newspim.com/news/view/20220818000208,http://www.newspim.com/news/view/20220818000208,"Thu, 18 Aug 2022 10:24:00 +0900"
53,DMZ 평화누리길 제대로 즐기자,행사를 기획 한 공사 관계자는 &quot;행사 주제인 &apos;단 하루만이라도 나만의 평화를 찾아서&apos; 처럼 <b>코로나</b>로 지친 일상에서 DMZ 속 나만의 특별한 행복을 느껴볼 수 있길 바란다&quot;고 말했다. 도와 공사는 오는 10월 본행사... ,https://www.asiatoday.co.kr/view.php?key=20220818010010501,https://www.asiatoday.co.kr/view.php?key=20220818010010501,"Thu, 18 Aug 2022 10:24:00 +0900"
54,경남 1만1631명 확진…이틀 연속 1만명대,경남도는 17일 하루 도내에서 신종 <b>코로나</b>바이러스 감염증(<b>코로나</b>19)에 1만1천631명이 확진됐다고 18일 밝혔다. 전날 1만2천723명에 이어 이틀 연속 1만명대를 기록했다. 해외 입국 68명을 제외한... ,https://www.yna.co.kr/view/AKR20220818052800052?input=1195m,https://n.news.naver.com/mnews/article/001/0013382370?sid=102,"Thu, 18 Aug 2022 10:24:00 +0900"
55,전북 코로나19 현황 220818(목),,http://www.domin.co.kr/news/articleView.html?idxno=1393094,http://www.domin.co.kr/news/articleView.html?idxno=1393094,"Thu, 18 Aug 2022 10:24:00 +0900"
56,"목포, 민선 8기 첫 '시민과의 대화'....사회자 '권역별 시민' 맡아","기존 시청관계자의 사회에서 권역별 시민이 사회자를 맡아 대화를 진행하고, 현장에 참여하지 못하는 시민과 인터뷰를 사전 촬영해 다양한 의견을 청취할 계획이다.시는 <b>코로나</b>19 상황을 주시하는 가운데 방역지침을... ",https://www.asiatoday.co.kr/view.php?key=20220818010010672,https://www.asiatoday.co.kr/view.php?key=20220818010010672,"Thu, 18 Aug 2022 10:24:00 +0900"
57,"한경대, 몽골 축산산업 발전에 나서다",사업 총괄책임자인 남인식 한경대학교 동물생명융합학부 교수는 &quot;<b>코로나</b>로 현지방문조사 없이 온라인으로 계획이 수립되었으나 이미 2013년부터 3년간 &apos;몽골 친환경 농업생산성 향상 지원사업&apos;을 통해 몽골의 축산현황을... ,http://www.kyosu.net/news/articleView.html?idxno=92750,http://www.kyosu.net/news/articleView.html?idxno=92750,"Thu, 18 Aug 2022 10:22:00 +0900"
58,"신규 확진 17만 명대…수도권, 주말부터 당직병원 운영",사진=연합뉴스 <b>코로나</b>19 신규 확진자가 연일 10만명 대를 기록 중인 가운데 정부는 이번 주말부터 &apos;중증병상 주말 당직병원&apos;을 운영한다. 중앙방역대책본부(방대본)은 18일 0시 기준 국내 <b>코로나</b>19 일일 신규... ,http://www.mkhealth.co.kr/news/articleView.html?idxno=59370,http://www.mkhealth.co.kr/news/articleView.html?idxno=59370,"Thu, 18 Aug 2022 10:22:00 +0900"
59,"주금공, 취약계층 전세특례보증 한도 8000만원으로 확대","&apos;영세 자영업자 전세특례보증&apos; 대상은 부가가치세 납부의무 면제자에서 연간 사업소득 2500만원 이하인 자로 완화, <b>코로나</b> 19 등으로 어려움을 겪는 영세자영업자에 대한 지원을 확대키로 했다. 최준우 주금공 사장은... ",http://www.newsis.com/view/?id=NISX20220818_0001982392&cID=15001&pID=15000,https://n.news.naver.com/mnews/article/003/0011369615?sid=101,"Thu, 18 Aug 2022 10:22:00 +0900"
60,"NH농협은행, '방역핀패드' 1,700대 확대",NH농협은행이 <b>코로나</b> 확산 방지와 고객의 안전한 금융거래를 위해 19일부터 9월 중순까지 &apos;방역핀패드&apos; 1... 조상진 IT부문 부행장은 &quot;최근 <b>코로나</b> 재확산에 따라 확대를 서두르게 됐다. 고객 가치를 최우선으로 하고 있는... ,http://www.globale.co.kr/news/articleView.html?idxno=20665,http://www.globale.co.kr/news/articleView.html?idxno=20665,"Thu, 18 Aug 2022 10:22:00 +0900"
61,"경희대, 2021학년도 후기 학위수여식 개최…3888명 학위 수여","이번 학위수여식은 <b>코로나</b>19 재확산으로 인해 비대면으로 진행했다. 학위수여식은 한균태 총장의... 그는 “<b>코로나</b>로 인한 불편은 있었지만, 이를 통해 <b>코로나</b> 관련 신문 기사들의 태도 차이를 비판적 담화 분석한... ",http://www.fnnews.com/news/202208181020489988,https://n.news.naver.com/mnews/article/014/0004884933?sid=102,"Thu, 18 Aug 2022 10:22:00 +0900"
62,"신규확진 17만8574명, 전주대비 1.3배…""정점 향해 확산세 지속""",18일 오전 서울 용산구보건소 선별진료소에서 의료진이 검체채취를 하고 있다./연합뉴스 중앙방역대책본부는 18일 0시 기준 <b>코로나</b>19 신규 확진자가 17만8574명으로 누적 2186만1296명이라고 밝혔다. 신규... ,http://www.seouleconews.com/news/articleView.html?idxno=67662,http://www.seouleconews.com/news/articleView.html?idxno=67662,"Thu, 18 Aug 2022 10:22:00 +0900"
63,기운찬 '상황버섯균사체' 복합배양 기술 화제,"기운찬은 <b>코로나</b>19 환자나 수술환자, 기저질환자의 면역력 회복에 도움을 주는 치료보조제로 사용할 수 있게 임상 및 연구범위를 확대해 나갈 계획이다. 박종례 기운찬 대표는 &quot;이번 특허 결정은 식품, 동물사료, 비건육... ",http://www.kenews.co.kr/news/article.html?no=82063,http://www.kenews.co.kr/news/article.html?no=82063,"Thu, 18 Aug 2022 10:22:00 +0900"
64,"NH농협은행, 전 영업점에 '방역핀패드'1,700대 도입",NH농협은행이 <b>코로나</b>19 확산 방지와 고객의 안전한 금융거래를 위해 19일부터 9월 중순까지 &apos;방역핀패드&apos; 1... 조상진 IT부문 부행장은 &quot;최근 <b>코로나</b>19 재확산에 따라 확대를 서두르게 됐다&quot;며 &quot;고객 가치를 최우선으로... ,http://www.100ssd.co.kr/news/articleView.html?idxno=90149,http://www.100ssd.co.kr/news/articleView.html?idxno=90149,"Thu, 18 Aug 2022 10:22:00 +0900"
65,"저축은행 업계, 집중호우 피해 복구 지원…성금 3억원 기부","한편, 저축은행 업계는 지난 강원도 산불, <b>코로나</b>19 등 국가적 재난 발생시에도 성금을 기부한 바 있다. 이뿐 아니라 <b>코로나</b>19 관련 만기연장·상환유예 등 금융지원 프로그램에도 적극 참여하며 어려움에 처한 자영업자... ",http://www.startuptoday.co.kr/news/articleView.html?idxno=108330,http://www.startuptoday.co.kr/news/articleView.html?idxno=108330,"Thu, 18 Aug 2022 10:22:00 +0900"
66,'DMZ 평화의 길' 내달 13일 개방…23일부터 참가 신청 접수,이후 2021년 11월 7개 노선을 확대 개방했으나 겨울철 철새 보호와 신종 <b>코로나</b>바이러스 감염증(<b>코로나</b>19) 확산 방지를 위해 또다시 운영이 조기에 종료됐다. 이번 11개 테마노선에 대한 정보 및 참가 신청은... ,https://www.yna.co.kr/view/AKR20220818051100003?input=1195m,https://n.news.naver.com/mnews/article/001/0013382359?sid=103,"Thu, 18 Aug 2022 10:21:00 +0900"
67,DMZ 평화의길 11개 노선 전면 개방…평화여행 떠나볼까,이어서 <b>코로나</b>19가 확산하여 중단 조치는 계속됐다. 정부는 개방을 원하는 지자체와 함께 준비 기간을 거쳐 지난해 11월에 7개 노선을 확대 개방했다. 이 역시 겨울철 철새 보호와 <b>코로나</b>19 예방을 위해 운영을 조기... ,http://www.newsis.com/view/?id=NISX20220818_0001982385&cID=10701&pID=10700,https://n.news.naver.com/mnews/article/003/0011369612?sid=103,"Thu, 18 Aug 2022 10:21:00 +0900"
68,[프로필]김말수 제80대 예천경찰서장,김말수 신임 예천경찰서장김말수 예천경찰서장이 지난 16일 취임했다.김 서장은 <b>코로나</b>19 상황을 고려해 취임식을 생략하고 예천지역 치안 상황을 전반적으로 점검한 뒤 부서별 주요 현안을 살펴보는 것으로 취임... ,https://www.yeongnam.com/web/view.php?key=20220818010002163,https://www.yeongnam.com/web/view.php?key=20220818010002163,"Thu, 18 Aug 2022 10:20:00 +0900"
69,"한샘·KT에스테이트, 부동산 분야 전방위 협력...'스마트홈' 시너지 기대","지난 17일 한샘 상암사옥에서 진행된 협약식에서, 조용한 한샘 SCM본부장(좌)과 이규식 KT에스테이트 프로젝트수행본부장./사진=한샘 18일 한샘에 따르면 양사는 장기적으로 포스트 <b>코로나</b>(Post Corona) 등 변화에 맞춰... ",http://www.newswatch.kr/news/articleView.html?idxno=60013,http://www.newswatch.kr/news/articleView.html?idxno=60013,"Thu, 18 Aug 2022 10:20:00 +0900"
70,"직주근접 단지 인기 고공행진…""지방서 높은 인기 구가""",여기에 최근 <b>코로나</b>19로 많은 사람들이 이용하는 대중교통에 대한 불안감이 커진 점도 직주근접 단지의 인기 요소가 됐다.상황이 이렇다 보니 지방 직주근접 단지들은 높은 매매 가격 상승률을 기록하고 있다. 충남... ,https://www.asiatoday.co.kr/view.php?key=20220818010010667,https://www.asiatoday.co.kr/view.php?key=20220818010010667,"Thu, 18 Aug 2022 10:20:00 +0900"
71,코로나19 신규 확진자 이틀째 10만명 후반대…해외유입 역대최다,<b>코로나</b>19 신규 확진자 이틀째 10만명 후반대…해외유입 역대최다 <b>코로나</b>19 신규 확진자가 전날보다 다소 감소했으나 이틀 연속 10만명 후반대를 기록한 가운데 해외유입 사례가 역대 최다를 기록했다.18일... ,https://www.viva100.com/main/view.php?key=20220818010004470,https://www.viva100.com/main/view.php?key=20220818010004470,"Thu, 18 Aug 2022 10:20:00 +0900"
72,"성북, 간송미술관 신축수장고서 펼치는 특별한 강연",그동안은 <b>코로나</b>19 대확산에 따른 거리두기 지침에 따라 온라인 강의로 진행해야 했다. 그러나 올해는 각 분야의 최고 전문가를 초빙해 생생한 현장 강의로 마련했다. 2022년 상반기에는 홍익대학교 사범대학 부속중학교... ,http://www.shinailbo.co.kr/news/articleView.html?idxno=1588242,http://www.shinailbo.co.kr/news/articleView.html?idxno=1588242,"Thu, 18 Aug 2022 10:20:00 +0900"
73,"광진, 월세 사는 청년 대상 특별지원 나선다","김경호 구청장은 “<b>코로나</b>19가 지속되고, 경기가 어려운 현 상황에 이번 특별지원이 한시적이나마 청년층의 주거비 부담을 경감시키는 데에 큰 도움이 되기를 바란다”며 “광진구에서도 청년층의 주거 안정을... ",http://www.shinailbo.co.kr/news/articleView.html?idxno=1588248,http://www.shinailbo.co.kr/news/articleView.html?idxno=1588248,"Thu, 18 Aug 2022 10:20:00 +0900"
74,"충남 서천군지속가능지역재단, 경영실적평가 최고 '가'등급",한상일 서천지속가능지역재단 사무처장은 &quot;<b>코로나</b>19 등 힘든 외부환경 속에서 재단 출범 후 처음으로 받아든 성적표가 최고등급이라서 기쁘다&quot;며 &quot;이번 평가결과를 토대로 미흡한 부분은 보완해 지역경제 활성화라는... ,http://www.newsfreezone.co.kr/news/articleView.html?idxno=401352,http://www.newsfreezone.co.kr/news/articleView.html?idxno=401352,"Thu, 18 Aug 2022 10:20:00 +0900"
75,‘당당치킨’ 앞세운 홈플러스 노림수,"뻔한 수순 실제로 홈플러스는 지난해(2021년 3월~2022년 2월) <b>코로나</b>19 악재를 감안해도 시장 기대치를 밑도는 실적을 공개한 바 있다. 매출은 전년 대비 4855억원이나 줄어든 6조4807억원에 그쳤고, 영업손실 1335억원을... ",https://www.ilyosisa.co.kr/news/article.html?no=236087,https://www.ilyosisa.co.kr/news/article.html?no=236087,"Thu, 18 Aug 2022 10:20:00 +0900"
76,"성동구, 드론 띄워 산사태 취약지역 점검…국가안전대진단 실시","지난해에는 <b>코로나</b>19로 인해 대상이 축소해 46개소를 점검, 이 가운데 33개소에 대해 안전 위해요인을 발굴해 보수 및 보강을 완료했다. 구는 시설물의 특성을 고려, 건축 및 소방 등 분야별 외부 전문가와 공무원으로... ",https://www.jeonmae.co.kr/news/articleView.html?idxno=909459,https://www.jeonmae.co.kr/news/articleView.html?idxno=909459,"Thu, 18 Aug 2022 10:20:00 +0900"
77,"강릉시, 2022 을지연습 실시",그동안 을지연습은 2017년 이후 남북관계 대응기조의 변화 및 2020년 초부터 전세계적으로 유행중인 <b>코로나</b>19... 등 <b>코로나</b>19 확산세가 지속되어 부득이 비대면 영상시청 및 근무자 교육자료를 만들어 서면으로 배포하는... ,https://www.gukjenews.com/news/articleView.html?idxno=2531323,https://www.gukjenews.com/news/articleView.html?idxno=2531323,"Thu, 18 Aug 2022 10:20:00 +0900"
78," 울진군의회, 제1회 추가경정예산 8868억 의결","김복남 예산결산 특별위원장은 “산불피해복구 및 <b>코로나</b> 19로 침체한 지역경제 활성화 등 시급한 당면 현안 사업 이행을 중심으로 예산을 검토했으며, 삭감된 예산에 대해서는 산불 등 각종 재난에 다시 잘 쓰일 수... ",https://www.pressian.com/pages/articles/2022081808272752485?utm_source=naver&utm_medium=search,https://n.news.naver.com/mnews/article/002/0002255568?sid=102,"Thu, 18 Aug 2022 10:20:00 +0900"
79,"中 올해 서해에서 100차례 군사훈련, 尹정부는 아나",<b>코로나</b> 확진자 숫자를 열심히 알려주던 재난 문자도 잠잠했다. 국민재난안전 포털에 들어가 보니 이날 밤 강남구청발 호우 관련 재난 문자는 9일 0시20분쯤 올라온 한 건이 전부였다. 평범한 시민인 ‘강남역 슈퍼맨’이... ,http://www.skyedaily.com/news/news_view.html?ID=164803,http://www.skyedaily.com/news/news_view.html?ID=164803,"Thu, 18 Aug 2022 10:20:00 +0900"
80,경기 코로나19 신규확진 4만2435명…중증병상 가동률 47%,경기지역 <b>코로나</b>19 신규 확진자가 어제(17일) 하루 동안 4만2435명이 발생했다. 전날보다 3529명 줄었으나 4만명대를 이어갔다. 경기도는 18일 0시 기준 <b>코로나</b>19 신규 확진자가 4만2435명이 늘어 누적... ,https://www.pressian.com/pages/articles/2022081810171268617?utm_source=naver&utm_medium=search,https://n.news.naver.com/mnews/article/002/0002255567?sid=102,"Thu, 18 Aug 2022 10:19:00 +0900"
81,"김제시, 청년월세 한시 특별지원…최대 월 20만원·12개월",이 사업은 <b>코로나</b>19 장기화로 인한 경제 상황 악화에 따라 국가 정책적으로 청년층의 고용안정을 유도하고 한시적으로 주거비를 지원해 청년층의 주거비 부담 경감과 주거 수준 향상을 위해 운영하는 정책이다. 신청... ,http://www.newsis.com/view/?id=NISX20220818_0001982370&cID=10808&pID=10800,https://n.news.naver.com/mnews/article/003/0011369604?sid=102,"Thu, 18 Aug 2022 10:19:00 +0900"
82,[종합] 박형배 전주시의원 자가격리 중 레저보트 즐기다 사고,전북 전주시의회 박형배 의원이 <b>코로나</b>19에 확진된 후 격리장소를 이탈해 혼자서 레저보트를 타다... 고발조치가 이뤄진다&quot;며 &quot;<b>코로나</b>19 자가격리 이탈 등에 대해서는 개인정보라 말해줄 수 없다&quot;고 말했다.,http://www.newspim.com/news/view/20220818000212,http://www.newspim.com/news/view/20220818000212,"Thu, 18 Aug 2022 10:19:00 +0900"
83,생활하수서 코로나19 바이러스 찾는다…대전시 감시체계 운영,"감염병 실제 유행 시기보다 1∼2주 먼저 예측·대응 가능 대전시는 <b>코로나</b>19 같은 감염병 확산을 예측하기... <b>코로나</b>19 발생 초기부터 미국 등 65개국에서 하수를 활용한 검사가 일반화했지만, 국내에서는 지난해부터... ",https://www.yna.co.kr/view/AKR20220818050700063?input=1195m,https://n.news.naver.com/mnews/article/001/0013382345?sid=102,"Thu, 18 Aug 2022 10:18:00 +0900"
84,"주금공, 취약층 전세특례보증 한도 '5천만원→8천만원'",영세 자영업자 전세특례보증 대상을 부가가치세 납부의무 면제자에서 연간 사업소득 2500만원 이하인 자로 완화해 <b>코로나</b>19 등으로 어려움을 겪는 영세자영업자에 대한 지원을 확대하기로 했다. 최준우 주금공 사장은... ,http://www.seoulfn.com/news/articleView.html?idxno=464519,http://www.seoulfn.com/news/articleView.html?idxno=464519,"Thu, 18 Aug 2022 10:18:00 +0900"
85,"KT, AI 기반 초등 라이브 교육 플랫폼 '크루디' 론칭","박정호 KT 커스터머DX사업단 상무는 “<b>코로나</b>19로 온라인 기반의 교육은 이제 새로운 교육 패러다임으로 자리 잡았으며, 지금보다 발전된 온라인 학습의 ‘새로운 표준’이 필요한 시점이다”면서 “KT가 보유한 AI... ",https://www.youthdaily.co.kr/news/article.html?no=108755,https://www.youthdaily.co.kr/news/article.html?no=108755,"Thu, 18 Aug 2022 10:18:00 +0900"
86,"CJ ENM, 케이콘에서 부산 엑스포 유치 홍보","특히 케이콘 2022 LA는 <b>코로나</b>19 팬데믹 이후 3년만에 온오프라인에서 대규모로 여는 페스티벌로, 20일과 21일 양일간 개최되는 쇼에 K팝 글로벌 리딩 그룹부터 4세대 유망주까지 총출동해 전세계 K팝 팬들의 많은... ",https://zdnet.co.kr/view/?no=20220818101734,https://n.news.naver.com/mnews/article/092/0002265666?sid=105,"Thu, 18 Aug 2022 10:18:00 +0900"
87,"신규 확진 17만 8,574명…해외 유입 633명 역대 최다","어제(17일) <b>코로나</b>19 신규 확진자는 17만 8천574명으로 전날보다 2천200여 명 줄었습니다. 지난주 같은... <b>코로나</b>19 위중증 병상 가동률은 45.4%, 준중증 병상은 60.5%입니다. 3차 백신 접종률은 인구 대비 65.3%였고... ",https://news.sbs.co.kr/news/endPage.do?news_id=N1006864185&plink=ORI&cooper=NAVER,https://n.news.naver.com/mnews/article/055/0000993611?sid=102,"Thu, 18 Aug 2022 10:18:00 +0900"
88,"목포시, 민선8기 첫 시민과 대화 한다",시는 <b>코로나</b>19 상황을 주시하는 가운데 방역지침을 철저히 준수하는 등 시민 안전을 최우선에 두고 이번 대화를 추진할 방침이다. 시 관계자는 &quot;이번 대화는 시정운영 방향에 대해 시민과 소통하는 자리가 될 것이다.... ,http://www.namdonews.com/news/articleView.html?idxno=692120,http://www.namdonews.com/news/articleView.html?idxno=692120,"Thu, 18 Aug 2022 10:18:00 +0900"
89,"혼전임신 중인 여배우, 오늘(18일) '출산 예정일+결혼 시기' 모두 떴다","또 2020년에는 <b>코로나</b>19 생계 지원금에 대해 불만을 토로한 뒤 비판 여론이 거세지자 &quot;더 이상 대한민국에서 배우로 활동하지 않겠다&quot;고 밝히기도 했다. 미혼 상태로 &apos;임신&apos; 밝혀진 미모의 여배우, 숨겨왔던 &apos;D라인&apos; 공개... ",https://www.wikitree.co.kr/articles/781401,https://www.wikitree.co.kr/articles/781401,"Thu, 18 Aug 2022 10:18:00 +0900"
90,상반기 국세 36.5조 더 들어왔지만 재정적자는 101.9조,"지방교부세·교부금, 특수형태근로종사자(특고) 지원을 포함한 <b>코로나</b>19 위기 대응 사업 등이 이유다. 소상공인 손실보전금 지급 등으로 기금 지출도 35조2000억원 증가했다. 총지출 진도율은 60.2%로 1년 전 같은... ",http://news.heraldcorp.com/view.php?ud=20220818000188,https://n.news.naver.com/mnews/article/016/0002029888?sid=101,"Thu, 18 Aug 2022 10:18:00 +0900"
91,"와인 숙취해소제 원상환, 인천공항 면세점 입점",<b>코로나</b>19 시국이 팬데믹 국면을 지나 엔데믹(풍토병화)으로 가면서 해외여행에 대한 기대감도 커지고 실제 수요가 증가함에 따라 해외여행객을 대상으로 브랜드 인지도 확대와 매출 증대가 있을 것으로 기대한다.&quot;라고... ,http://www.nextdaily.co.kr/news/articleView.html?idxno=208833,http://www.nextdaily.co.kr/news/articleView.html?idxno=208833,"Thu, 18 Aug 2022 10:18:00 +0900"
92,신규 환자 17만 명대...해외 유입 633명 '역대 최다',"<b>코로나</b>19 신규 환자가 전날보다 소폭 감소해 17만8천여 명을 기록했습니다. 광복절 연휴 해외 여행객이... [기자] 네, 오늘 0시 기준 <b>코로나</b>19 신규 환자는 17만8천5백74명입니다. 어제보다 2천여 명 줄었습니다. 1주일 전... ",https://www.ytn.co.kr/_ln/0103_202208181018364970,https://n.news.naver.com/mnews/article/052/0001778180?sid=102,"Thu, 18 Aug 2022 10:18:00 +0900"
93,"“부.산. 갈~매기” 울려 퍼진, 어느 야구팬의 장례식","<b>코로나</b>19 확진 판정을 받은 마허 씨는 합병증으로 급속히 몸이 나빠졌고, 부산의 한 대학 중환자실에서 지난 16일 숨을 거두었습니다. 향년 68세입니다. 그의 지인들은 부산에 빈소를 마련했습니다. 그리고 평소 자신의... ",https://news.kbs.co.kr/news/view.do?ncd=5535785&amp;ref=A,https://n.news.naver.com/mnews/article/056/0011323015?sid=102,"Thu, 18 Aug 2022 10:18:00 +0900"
94,"17만8574명 확진, 1주전 1.3배…해외유입 633명 '역대 최다'(종합)",음상준 강승지 기자 = 질병관리청 중앙방역대책본부(방대본)는 18일 0시 기준 신종 <b>코로나</b>바이러스 감염증(<b>코로나</b>19) 신규 확진자가 17만8574명 발생했다고 밝혔다. 이로써 누적 확진자는... ,https://www.news1.kr/articles/4776349,https://n.news.naver.com/mnews/article/421/0006283910?sid=102,"Thu, 18 Aug 2022 10:18:00 +0900"
95,"강진군, 2022 을지연습 예고",특히 올해 을지연습은 <b>코로나</b>19 상황으로 3년 만에 정상 추진함에 따라 안보 위협 대비 역량 강화에 중점을 두고 훈련이 진행된다. 연습기간 중 공무원의 전시임무 수행 능력을 배양하기 위해 불시에 비상소집을... ,http://www.namdonews.com/news/articleView.html?idxno=692121,http://www.namdonews.com/news/articleView.html?idxno=692121,"Thu, 18 Aug 2022 10:18:00 +0900"
96,코로나 신규확진 17만8574명...해외유입 633명 '역대 최다',"<b>코로나</b>19 신규 확진자가 18만명 가까이 발생하며, 목요일 기준 19주 만에 최다치를 기록했다. 특히 해외유입 확진자는 633명으로 <b>코로나</b>19 국내 유행 이후 최다 규모를 기록했다. 중앙방역대책본부는 18일 0시... ",http://news.heraldcorp.com/view.php?ud=20220818000180,https://n.news.naver.com/mnews/article/016/0002029885?sid=101,"Thu, 18 Aug 2022 10:17:00 +0900"
97,요리경험도 없는데…닭 특수부위로 '월 1억' 버는 30대 비결은,그는 닭 특수부위를 선택한 이유에 대해 &quot;<b>코로나</b>19 때문에 모든 식자재가 다 올랐는데 닭은 상대적으로 덜 올라서 자유로웠다. 남녀노소 누구나 좋아하는 아이템이라 <b>코로나</b>19 때 버틸 수 있다고 판단했다. 요즘 가장... ,http://news.mt.co.kr/mtview.php?no=2022081808300542341,https://n.news.naver.com/mnews/article/008/0004784361?sid=103,"Thu, 18 Aug 2022 10:17:00 +0900"
98,"2022 서울시민리그 배구대회, 20일 개막…56팀 1120명 참가","2016년 시작된 서울시민리그 배구대회는 <b>코로나</b>19 확산을 피해 2019년 대회를 끝으로 중단됐다가 올해 재개된다. 올해 대회는 남자 대학부 9개, 여자 대학부 10개, 남자 클럽 17개, 여자 클럽 20개 등 총 56개 팀에 1120명이... ",http://www.munhwa.com/news/view.html?no=2022081801039939059002,https://sports.news.naver.com/news.nhn?oid=021&aid=0002526916,"Thu, 18 Aug 2022 10:16:00 +0900"
99,"KT, 크루디 전격 공개","KT 커스터머DX사업단 박정호 상무는 &quot;<b>코로나</b>19로 온라인 기반의 교육은 이제 새로운 교육 패러다임으로 자리 잡았으며, 지금보다 발전된 온라인 학습의 &apos;새로운 표준&apos;이 필요한 시점이다&quot;라며 &quot;KT가 보유한 AI 기반의... ",https://www.econovill.com/news/articleView.html?idxno=586257,https://www.econovill.com/news/articleView.html?idxno=586257,"Thu, 18 Aug 2022 10:16:00 +0900"
100,"속초시, 어린이집 통학버스 운전자 등 안전교육 개최","이날 교육은 사례위주의 통학버스 안전사고와 개정된 도로교통법 등 사)안전교육운동본부 김홍빈 강사의 진행으로 실시할 계획이며 <b>코로나</b> 확산 방지를 위해 온라인으로 개최한다. 한편, 속초시는 올해 어린이집... ",https://www.gukjenews.com/news/articleView.html?idxno=2531317,https://www.gukjenews.com/news/articleView.html?idxno=2531317,"Thu, 18 Aug 2022 10:16:00 +0900"
101,"8월 주민세, 확인하고 납부 하세요","올해는 <b>코로나</b>19로 어려움을 겪고 있는 소상공인 등을 지원하기 위해 개인사업자(직전년도 부가가치세 과세표준액 4,800만원 이상)와 법인사업자(자본금액·출자금액 30억원 이하)에게 부과되는 사업소분... ",http://www.headlinejeju.co.kr/news/articleView.html?idxno=494188,http://www.headlinejeju.co.kr/news/articleView.html?idxno=494188,"Thu, 18 Aug 2022 10:16:00 +0900"
102,올해 상반기 국가 재정적자 100조원 돌파…연말까지 110.8조원 적자 예상,"이는 지방교부세, 교부금, <b>코로나</b> 위기 대응사업 등으로 작년보다 19조5000억원의 예산이 더 들었기 때문이다. 소상공인 손실보전금 지급 등으로 기금도 지난해에 비해 35조2000억원이 더 증가했다. 총수입과... ",https://www.sejungilbo.com/news/articleView.html?idxno=38937,https://www.sejungilbo.com/news/articleView.html?idxno=38937,"Thu, 18 Aug 2022 10:16:00 +0900"
103,"진안군, 코로나 먹는치료제 처방 약국 2개소 추가","전북 진안군은 <b>코로나</b>19 재유행에 대비해 먹는 치료제의 신속한 공급을 위한 담당약국을 기존 5개소에서... 하지만 <b>코로나</b>19 재유행에 따라 군은 백제, 세계로 약국 2개소를 담당약국으로 추가 운영하기로 결정했다. 한편... ",https://www.asiatoday.co.kr/view.php?key=20220818010010662,https://www.asiatoday.co.kr/view.php?key=20220818010010662,"Thu, 18 Aug 2022 10:16:00 +0900"
104,"모두투어, 엔데믹 여름휴가 설문…해외여행 수요 회복","<b>코로나</b> 재확산과 이른 추석 연휴가 영향을 미친 것으로 보인다. 여름휴가 일정을 묻는 질문에 10명 중 6명이 &apos;7월(19.7%)&apos;과 &apos;8월(41.5%)&apos;이라고 답했는데, &apos;9월 이후&apos;로 계획했다는 이들도 35%로 높게 조사됐다. <b>코로나</b>... ",http://www.etnews.com/20220818000066,https://n.news.naver.com/mnews/article/030/0003037653?sid=101,"Thu, 18 Aug 2022 10:16:00 +0900"
105,"KT, 초등 라이브 교육 서비스 '크루디' 선보여","KT 커스터머DX사업단 박정호 상무는 &quot;<b>코로나</b>19로 온라인 기반의 교육은 이제 새로운 교육 패러다임으로 자리 잡았으며, 지금보다 발전된 온라인 학습의 &apos;새로운 표준&apos;이 필요한 시점이다&quot;며 &quot;KT가 보유한 AI 기반의... ",http://www.it-b.co.kr/news/articleView.html?idxno=61964,http://www.it-b.co.kr/news/articleView.html?idxno=61964,"Thu, 18 Aug 2022 10:16:00 +0900"
106,"유영제약, '1사 1거리 쓰레기 줍기' 봉사활동 펼쳐","1사 1거리 쓰레기 줍기 봉사활동은 2009년부터 지속적으로 이어져 오는 유영제약의 대표 봉사활동으로, <b>코로나</b>19 이후 전면 중단됐지만 올해 6월 새롭게 재개, 매달 꾸준히 실시하고 있다. 유영 사회 공헌 담당자는... ",http://www.dailypharm.com/Users/News/NewsView.html?ID=291007&REFERER=NP,http://www.dailypharm.com/Users/News/NewsView.html?ID=291007&REFERER=NP,"Thu, 18 Aug 2022 10:16:00 +0900"
107,"[EE칼럼] 해외자원개발, 원자재 가격 하락한 지금이 적기다","세계 최대 원자재 생산국이면서 소비국인 중국은 올 상반기 <b>코로나</b> 재확산으로 인해 경제활동이 얼어 붙었고 미국, 독일 등 선진국은 고물가와 금리 인상으로 경기 둔화세가 뚜렷하다. 글로벌 컨설팅 업체인... ",https://www.ekn.kr/web/view.php?key=20220817010002910,https://www.ekn.kr/web/view.php?key=20220817010002910,"Thu, 18 Aug 2022 10:16:00 +0900"
108,"AIA생명, 서울뇌성마비복지관 아이들과 여름 나들이","2020년에는 <b>코로나</b>19로 봉사단의 활동이 잠시 중단됐지만, 지난해에는 복지관 아이들과 부모님들의 적극적인 요청으로 활동이 재개돼, 포천 자동차극장에서 아이들을 위한 영화 상영이 진행됐다. 이번... ",http://www.fins.co.kr/news/articleView.html?idxno=94440,http://www.fins.co.kr/news/articleView.html?idxno=94440,"Thu, 18 Aug 2022 10:16:00 +0900"
109,"KT, 초등 라이브 교육 플랫폼 '크루디' 론칭","KT 커스터머DX사업단 박정호 상무는 &quot;<b>코로나</b>19로 온라인 기반의 교육은 이제 새로운 교육 패러다임으로 자리 잡았으며, 지금보다 발전된 온라인 학습의 &apos;새로운 표준&apos;이 필요한 시점이다&quot;라며 &quot;KT가 보유한 AI 기반의... ",http://www.m-i.kr/news/articleView.html?idxno=943276,http://www.m-i.kr/news/articleView.html?idxno=943276,"Thu, 18 Aug 2022 10:16:00 +0900"
110,"최민호 세종시장, ""오는 10월, 세종시가 국제안전도시로 도약하는 계기 만들자...",2년간 <b>코로나</b>19 세계적유행(팬데믹)으로 미뤄져 왔던 행사인 만큼 이번 연차대회가 국제안전도시 간 교류 협력과 학술의 장이 될 수 있도록 남은 기간 동안 행정력을 집중할 예정이다. 또 최근 <b>코로나</b>19 재유행 상황을... ,http://www.newsfreezone.co.kr/news/articleView.html?idxno=401343,http://www.newsfreezone.co.kr/news/articleView.html?idxno=401343,"Thu, 18 Aug 2022 10:16:00 +0900"
111,"연세의료원·코이카, 세네갈에 10억 원 의료기자재 전달",<b>코로나</b>19 관리·모자보건 의료서비스 강화 지원 연세대학교 의료원이 코이카와 손잡고 최근 세네갈에 <b>코로나</b>19 대응 능력 제고와 모자보건 의료서비스를 강화를 위해 약 10억 원 규모의 의료기자재 지원을 완료했다고... ,http://www.munhwa.com/news/view.html?no=2022081801039921080001,https://n.news.naver.com/mnews/article/021/0002526914?sid=102,"Thu, 18 Aug 2022 10:16:00 +0900"
112,코로나 '6차 유행' 진단업계 실적반등 기대,18일 방역당국에 따르면 이날 국내 신규 <b>코로나</b>19 확진자는 17만8574명으로 집계됐다. 4월 이후 최대치를... 식약처는 이미 지난달 <b>코로나</b>19 확산세가 커지자 자가검사키트의 판매처를 모든 편의점으로 확대한 상태다.... ,https://www.ebn.co.kr/news/view/1542919/?sc=Naver,https://www.ebn.co.kr/news/view/1542919/?sc=Naver,"Thu, 18 Aug 2022 10:16:00 +0900"
113,자가격리 하랬더니 보트타고 바다낚시 한 시의원,"<b>코로나</b>19 확진으로 자가격리 통보를 받고도 레저보트를 타고 바다낚시를 즐긴 전북 전주시의원이... 엿새 전인 21일, <b>코로나</b> 확진 판정을 받은 A의원은 27일 자정까지 격리를 해야 하는 상황이었습니다. 이날 A의원은... ",http://www.ikbc.co.kr/article/view/kbc202208180025,https://n.news.naver.com/mnews/article/660/0000015181?sid=102,"Thu, 18 Aug 2022 10:16:00 +0900"
114,신규 확진 17만8574명 ·해외유입 '역대 최고'…하루 사망 60명대(종합),"18일 중앙방역대책본부에 따르면 이날 0시 기준 <b>코로나</b>19 신규 확진자는 17만8574명이다. 이 중 국내... <b>코로나</b>19로 인한 하루 사망자 수는 61명이다. 누적 사망자는 2만5813명, 치명률은 0.12%다. 최근... ",http://www.newstomato.com/ReadNews.aspx?no=1141711&inflow=N,http://www.newstomato.com/ReadNews.aspx?no=1141711&inflow=N,"Thu, 18 Aug 2022 10:16:00 +0900"
115,"세종시교육청, 2023학년도 대학수학능력시험 응시원서 접수","않음)·<b>코로나</b>19 관련 자가격리자 및 확진자 등은 예외적으로 대리 접수할 수 있으며, 아울러 세종시... 올해도 마스크 착용·손소독제 사용·1m 이상 거리두기 등의 <b>코로나</b>19 예방을 위한 방역관리 지침을 준수하며... ",http://www.newstnt.com/news/articleView.html?idxno=223421,http://www.newstnt.com/news/articleView.html?idxno=223421,"Thu, 18 Aug 2022 10:16:00 +0900"
116,"KT, 크루디 전격 공개","KT 커스터머DX사업단 박정호 상무는 &quot;<b>코로나</b>19로 온라인 기반의 교육은 이제 새로운 교육 패러다임으로 자리 잡았으며, 지금보다 발전된 온라인 학습의 &apos;새로운 표준&apos;이 필요한 시점이다&quot;라며 &quot;KT가 보유한 AI 기반의... ",https://www.econovill.com/news/articleView.html?idxno=586257,https://www.econovill.com/news/articleView.html?idxno=586257,"Thu, 18 Aug 2022 10:16:00 +0900"
117,[尹정부 100일 특별기고]③정치 총체적 난국 극복할 통합의 리더십을,"대외적으로는 <b>코로나</b>와 세계적인 경제침체, 우크라이나 전쟁 등으로 3고(고물가·고금리·고환율)의 파고가 덮쳐왔다. 대내적으로는 여소야대의 의회권력으로 반쪽자리 정권교체에 불과했다. 하지만 이 모든 것이 취임... ",https://www.ekn.kr/web/view.php?key=20220818010003124,https://www.ekn.kr/web/view.php?key=20220818010003124,"Thu, 18 Aug 2022 10:16:00 +0900"
118,3년만에 돌아오는 '이슬라이브 페스티벌'···오늘 티켓판매 시작,이슬라이브 페스티벌은 국내 유일의 소주 뮤직페스티벌로 <b>코로나</b>19로 인해 2019년 이후 3년만에 열리게 된다. 지난 11일 판매한 얼리버드 티켓은 예매 사이트를 오픈한 지 52초만에 준비된 수량 1천장이 모두 완판됐다.... ,https://www.nocutnews.co.kr/news/5803606,https://n.news.naver.com/mnews/article/079/0003675893?sid=101,"Thu, 18 Aug 2022 10:15:00 +0900"
119,"전주시의원, 자가격리 중 바다낚시하다 어선사고로 들통","<b>코로나</b>19 확진을 받은 전북 전주시의원이 자가격리 의무를 어기고 바다낚시를 즐기다 어선 사고가 나... 그는 이때 <b>코로나</b>19 확진자라고 자진신고했다. A의원은 지난달 22일 <b>코로나</b>19 확진 판정을 받았으며, 같은 달... ",https://news.kmib.co.kr/article/view.asp?arcid=0017384005&code=61121111&cp=nv,https://n.news.naver.com/mnews/article/005/0001547214?sid=102,"Thu, 18 Aug 2022 10:15:00 +0900"
120,"'돈나무 언니'가 찍은 텔라독에 투자의견 하향 잇따라...""성장세 둔화""","구겐하임의 애널리스트 샌디 드레이퍼는 “텔라독의 기본 비즈니스 모델인 &apos;Healthiest You&apos;와 &apos;어드밴스 메디컬&apos;은 타 기업의 도큐사인, 펠로톤 인터렉티브와 마찬가지로 <b>코로나</b> 팬데믹 당시에는 구독 성장률이... ",http://www.wowtv.co.kr/NewsCenter/News/Read?articleId=A202208180077&t=NN,https://n.news.naver.com/mnews/article/215/0001049150?sid=101,"Thu, 18 Aug 2022 10:15:00 +0900"
121,"우오현 SM그룹 회장 ""어려운 시기…계열사간 시너지 강화해야""","우 회장은 글로벌 시장 여건이 갈수록 여의치 않은 상황에서 <b>코로나</b>19로 인한 파장이 어디까지 갈지, 불투명한 상황임을 거듭 강조했다. 어려운 시기일수록 경영인프라 고도화 및 계열사간 시너지 강화를 위한 노력을... ",http://www.newsis.com/view/?id=NISX20220818_0001982358&cID=13001&pID=13000,https://n.news.naver.com/mnews/article/003/0011369577?sid=101,"Thu, 18 Aug 2022 10:15:00 +0900"
122,양구 22일부터 을지연습훈련,"을지연습은 그동안 <b>코로나</b>19 확산 및 재난훈련으로 축소 시행해 왔으나 이번에는 5년 만에 정상적으로 추진, 국지도발 대응 역량 강화 및 국가 위기관리에 중점을 두기로 했다. 22일 공무원 비상 소집을 시작으로... ",http://www.kwnews.co.kr/page/view/2022081810121341891,https://n.news.naver.com/mnews/article/087/0000918022?sid=102,"Thu, 18 Aug 2022 10:15:00 +0900"
123,"권영세 ""담대한 구상 관련 앞으로 구체적 대북메시지 발신할것""",김여정 노동당 부부장도 지난 10일 전국 비상방역총화회의에서 &quot;북한 내부의 <b>코로나</b> 확산 책임을 우리에게 전가하면서 보복성 대응을 예고했다&quot;고 권 장관은 지적했다. 통일부는 &quot;김정은 위원장이 전국... ,https://www.yna.co.kr/view/AKR20220818044300504?input=1195m,https://n.news.naver.com/mnews/article/001/0013382336?sid=100,"Thu, 18 Aug 2022 10:14:00 +0900"
124,올해 상반기 재정적자 100조원 넘어서…2차 추경여파,"<b>코로나</b>19 소상공인 손실보상으로 인한 2차 추가경정예산 집행 등 재정 지출 증가에 따른 것으로 분석된다. 18일 기획재정부가 발표한 ‘월간 재정동향 8월호’에 따르면, 지난 1~6월 관리재정수지는... ",https://www.dailian.co.kr/news/view/1143792/?sc=Naver,https://n.news.naver.com/mnews/article/119/0002631254?sid=101,"Thu, 18 Aug 2022 10:14:00 +0900"
125,"(전기공사협회 네트워크) 경남도회, 마산협의회와 간담회 열어",마산협의회는 <b>코로나</b>로 어려움을 겪고 있는 전기공사기업 지원 방안과 협의회 추진 사업에 대한 협회... 시간이었다&quot;며 &quot;<b>코로나</b>19로 어려움을 겪는 지역 전기공사기업과 회원의 권익 향상을 위해 최선을 다하겠다&quot;고... ,https://www.electimes.com/news/articleView.html?idxno=307742,https://www.electimes.com/news/articleView.html?idxno=307742,"Thu, 18 Aug 2022 10:14:00 +0900"
126,[포토] 코로나 신규 확진 17만8574명 발생...'재유행 지속',<b>코로나</b>19 신규 확진자가 18만명에 육박한 18일 오전 서울 송파구보건소에 마련된 선별진료소에서 시민들이 <b>코로나</b> 검사를 받기 위해 대기하고 있다. 중앙방역대책본부는 이날 0시 기준 <b>코로나</b> 신규 확진자는... ,https://www.ilyosisa.co.kr/news/article.html?no=236090,https://www.ilyosisa.co.kr/news/article.html?no=236090,"Thu, 18 Aug 2022 10:14:00 +0900"
127,"주택금융공사, 취약계층 위해 전세특례보증 한도 늘려",대상에 포함되며 ‘영세 자영업자 전세특례보증’ 대상을 부가가치세 납부의무 면제자에서 연간 사업소득 2500만원 이하인 자로 완화해 <b>코로나</b>19 등으로 어려움을 겪는 영세자영업자에 대한 지원을 확대하기로 했다.,http://www.fnnews.com/news/202208181012260209,https://n.news.naver.com/mnews/article/014/0004884922?sid=101,"Thu, 18 Aug 2022 10:14:00 +0900"
128,[속보] 코로나19 신규확진 17만8574명… 위중증 470명·사망61명,"<b>코로나</b>19 국내 확진자 수가 전날 대비 17만8574명 늘었다. 질병관리청 중앙방역대책본부는 18일 0시 기준 국내 <b>코로나</b>19 누적 확진자 수는 총 2186만1296명이라고 밝혔다. 위중증 환자는 470명, 사망자는... ",https://health.chosun.com/site/data/html_dir/2022/08/18/2022081800836.html,https://n.news.naver.com/mnews/article/346/0000053295?sid=103,"Thu, 18 Aug 2022 10:14:00 +0900"
129,"""'오제제'부터 '분지로'까지"" 롯데백화점 본점, 식음료 매장 리뉴얼 오픈","인기는 <b>코로나</b>19 사회적 거리두기 해제 이후 계속되고 있다. 올해 5~7월 롯데백화점의 F&amp;B 매출은 전년 대비 50% 신장한데 이어, 지난달에는 SNS 인기 맛집들을 중심으로 70% 이상 크게 증가했다. 특히, <b>코로나</b> 기간 중에는... ",https://www.asiatime.co.kr/article/20220818500018,https://www.asiatime.co.kr/article/20220818500018,"Thu, 18 Aug 2022 10:14:00 +0900"
130,"신규 확진 17만 8,574명…위중증 470명·사망 61명",중앙방역대책본부는 오늘 0시 기준 <b>코로나</b>19 신규 확진자는 17만 8천574명이라고 밝혔습니다. 어제보다는 2천2백여 명이 줄었지만 일주일 전보다는 1.3배 가까이 늘어났습니다. 위중증 환자는 어제보다 1명이... ,http://www.obsnews.co.kr/news/articleView.html?idxno=1363353,http://www.obsnews.co.kr/news/articleView.html?idxno=1363353,"Thu, 18 Aug 2022 10:14:00 +0900"
131,"수출기업 46%, '칩4 동맹' 가입에 유보적 입장",실제 중국의 경제성장률은 <b>코로나</b>19 확산으로 인한 상하이 봉쇄의 여파 등으로 1분기 4.8%에서 2분기 0.4%로 크게 하락했다. 내년 수출 전망에 대해서는 응답 기업의 66%가 &apos;올해보다 수출이 감소할 것&apos;이라고 전망했다.... ,http://www.koreaittimes.com/news/articleView.html?idxno=115266,http://www.koreaittimes.com/news/articleView.html?idxno=115266,"Thu, 18 Aug 2022 10:14:00 +0900"
132,"전주시의원, 자가격리 어기고 낚시하다 어선 충돌해 '덜미'","전북 전주의 한 시의원이 <b>코로나</b>19에 확진됐음에도 자가격리 의무를 어기고 바다낚시에 나섰다가 경찰에 적발됐습니다. 오늘(18일) 부안해양경찰서 등에 따르면, 최근 전주시보건소는 전주시의회 소속 A 의원을 <b>코로나</b>1... ",https://news.sbs.co.kr/news/endPage.do?news_id=N1006864227&plink=ORI&cooper=NAVER,https://n.news.naver.com/mnews/article/055/0000993609?sid=102,"Thu, 18 Aug 2022 10:14:00 +0900"
133,[농가월령가] 국내 포도산업과 와인산업 육성을 위한 제언,많은 전문가들은 와인시장의 전망과 <b>코로나</b>로 혼술이 만들어낸 젊은이 중심의 와인시장을 매일 대대적으로 소개하고 있다. 새 정부 취임 만찬에 오른 국산 와인을 연일 소개하고 일부 지자체는 와인을 포도와 문화의... ,http://www.ggilbo.com/news/articleView.html?idxno=929200,http://www.ggilbo.com/news/articleView.html?idxno=929200,"Thu, 18 Aug 2022 10:14:00 +0900"
134,"인천 이틀 연속 9,000명대 확진... 전국 확진자 17만8,574명","<b>코로나</b>19 임시선별검사소에 시민들이 길게 줄을 서있다. (사진=연합뉴스) 인천지역 하루 <b>코로나</b>19 신규 확진자 수가 이틀 연속 9,000명대를 기록했다. 18일 인천시는 이날 0시를 기준으로 하루 동안 9,222명의... ",http://www.incheonin.com/news/articleView.html?idxno=90156,http://www.incheonin.com/news/articleView.html?idxno=90156,"Thu, 18 Aug 2022 10:14:00 +0900"
135,"KMI한국의학연구소, 건강 취약가정에 김치 후원",이재준 수원특례시장은 “이번 후원이 무더위와 <b>코로나</b>19로 힘든 여름을 보내는 건강 취약 가정에 큰 도움이 될 것”이라며 “꾸준히 나눔을 실천해 주는 KMI 측에 감사하다”라고 말했다. 김순이 KMI 명예이사장은... ,https://www.dailymedi.com/news/news_view.php?wr_id=887541,https://www.dailymedi.com/news/news_view.php?wr_id=887541,"Thu, 18 Aug 2022 10:14:00 +0900"
136,세종시 배달용 이륜차 100% 무공해화 추진,"특히, <b>코로나</b>19 상황에 따른 배달 수요가 증가한 상황에서 이륜차는 대기오염, 생활 소음 발생의 주요 원인으로 지목돼왔다. 시는 이러한 문제점을 근본적으로 해결하기 위해 올해부터 2024년까지 세종시에서 영업 중인... ",https://www.gukjenews.com/news/articleView.html?idxno=2531309,https://www.gukjenews.com/news/articleView.html?idxno=2531309,"Thu, 18 Aug 2022 10:14:00 +0900"
137,"경상북도-제주특별자치도, ‘해양인문 교류 및 섬 생태관광 활성화’ 위한 업...",오영훈 제주도지사는 &quot;변화하는 여행 트렌드에 발 맞춘 포스트 <b>코로나</b> 관광 정책과 전략이 요구된다&quot;며 &quot;경북·제주의 생태환경과 역사·문화·먹거리 등 관광자원을 연결하는 프로그램 개발에 공동으로 협력하자.&quot;고... ,https://www.ekn.kr/web/view.php?key=20220818010003180,https://www.ekn.kr/web/view.php?key=20220818010003180,"Thu, 18 Aug 2022 10:14:00 +0900"
138,"NH농협은행, '방역핀패드' 1700대 확대 운영","오늘경제 NH농협은행, &apos;방역핀패드&apos; 1700대 확대 운영 NH농협은행은 <b>코로나</b>19 확산 방지와 고객의 안전한... 조상진 IT부문 부행장은 &quot;최근 <b>코로나</b>19 재확산에 따라 확대를 서두르게 됐다&quot;며 &quot;고객 가치를 최우선으로... ",http://www.startuptoday.co.kr/news/articleView.html?idxno=108325,http://www.startuptoday.co.kr/news/articleView.html?idxno=108325,"Thu, 18 Aug 2022 10:14:00 +0900"
139,"대구, 17일 하루 9933명 확진…2명 사망","대구시 재난안전대책본부에 따르면 18일 오전 0시 현재, 대구시에서 발생한 <b>코로나</b>19 신규 확진자는... <b>코로나</b>19 관련 사망자는 2명이 발생해 누적 사망자는 1218명이 됐다. 현재 격리 치료 중인 확진자는... ",http://www.newsis.com/view/?id=NISX20220818_0001982368&cID=10810&pID=10800,https://n.news.naver.com/mnews/article/003/0011369573?sid=102,"Thu, 18 Aug 2022 10:14:00 +0900"
140,[기고] 주민세 개인분·사업소분 알려드립니다,"올해 주요 사항으로는 <b>코로나</b>19 회복지원을 위한 주민세(사업소분) 기본세율 감면이 있다. 2022년... 연면적세율은 <b>코로나</b>19 회복지원을 위한 감면대상이 아니므로, 사업소 연면적이 330㎡ 초과하는 곳은 신고·납부를... ",https://www.jejutwn.com/news/article.html?no=142660,https://www.jejutwn.com/news/article.html?no=142660,"Thu, 18 Aug 2022 10:14:00 +0900"
141,"수입차도 SUV 강세…볼보 XC60, 상반기 판매량의 21% 차지","<b>코로나</b>19 이후 나타난 야외활동 증가로 SUV(스포츠유틸리티차량) 강세가 이어지고 있는 가운데, 수입차... 특히 <b>코로나</b>19가 발생한 2020년의 연간 판매량은 전년 대비 26% 증가했다. 이같은 SUV의 강세는 <b>코로나</b>19... ",https://www.news1.kr/articles/4776343,https://n.news.naver.com/mnews/article/421/0006283904?sid=103,"Thu, 18 Aug 2022 10:14:00 +0900"
142,"피엔케이피부임상연구센타, 2년 연속 기업신용등급 A0 유지",그는 &quot;<b>코로나</b>19 이후에 찾아온 인플레이션과 원자재 가격 상승 등 많은 어려움이 있지만 P&amp;K만의 인체적용시험에 관한 월등한 경쟁력으로 지속적인 성장을 이루어내 더 높은 신용등급을 받을 수 있도록 하겠다&quot;고... ,http://www.pinpointnews.co.kr/news/articleView.html?idxno=136531,http://www.pinpointnews.co.kr/news/articleView.html?idxno=136531,"Thu, 18 Aug 2022 10:14:00 +0900"
143,"NHN페이코, 추석 앞두고 기업 복지 솔루션 시장 공략 강화",특히 최근 <b>코로나</b>19 엔데믹과 함께 다시 회사로 출근하는 직장인들이 늘어나면서 다양한 기업들이 임직원들의 편의성 증대와 복지 혜택 관리 효율성을 위해 페이코 기업 복지 솔루션을 도입하고 있다. NHN페이코는... ,https://www.ddaily.co.kr/news/article.html?no=244786,https://n.news.naver.com/mnews/article/138/0002130944?sid=105,"Thu, 18 Aug 2022 10:13:00 +0900"
144,세종시 '국제안전도시 재인증'에 집중…10월 연차대회 개최,지난 2020년 개최 예정이었으나 <b>코로나</b>19 발생으로 미뤄졌다. 국제안전도시란 &apos;지역사회 구성원들이 사고와... 다만 최근 <b>코로나</b>19 재유행으로 현장 참가가 어려운 외국인 등을 고려해 온·오프라인 혼합 방식을 준비... ,https://www.news1.kr/articles/4776383,https://n.news.naver.com/mnews/article/421/0006283900?sid=102,"Thu, 18 Aug 2022 10:13:00 +0900"
145,"통일부 ""北, 강경 정책 정당화…내달 최고인민회의 주시""","내부 <b>코로나</b>19 확산 책임을 우리에게 전가하면서 보복성 대응을 예고했다&quot;고 짚었다. 이어 &quot;우리 정부의 대북 전단 대처와 북한 내 <b>코로나</b> 유입을 연결시키면서 대남 강경 정책을 정당화했다&quot;며 &quot;대적 대남 의식, 남조선... ",http://www.newsis.com/view/?id=NISX20220818_0001982254&cID=10301&pID=10300,https://n.news.naver.com/mnews/article/003/0011369572?sid=100,"Thu, 18 Aug 2022 10:13:00 +0900"
146,"'한파' 美 스팩 시장, 7월엔 자금조달 전무…5년여새 처음",<b>코로나</b>19 이후 2년간 뜨거웠던 미국 증시의 기업인수목적회사(SPAC·스팩) 투자가 올해 들어 열기가 식더니 지난달에 급기야 0건을 기록했다. 17일(현지시간) 금융정보업체 딜로직 집계 결과 스팩이 조달한 자금액은... ,https://www.yna.co.kr/view/AKR20220818042100009?input=1195m,https://n.news.naver.com/mnews/article/001/0013382333?sid=104,"Thu, 18 Aug 2022 10:13:00 +0900"
147,"팜젠사이언스, 반기 매출 757억 달성…역대 최고기록","제약시장이 <b>코로나</b> 19충격에서 벗어나 성장하고, 건강기능식품 사업 또한 성장을 거듭하고 있기 때문이다. 더불어, 생산성 생산성 향상과 원가절감을 위한 설비투자가 지속적으로 이루어지고 있기 때문에 안정적인... ",http://www.dailypharm.com/Users/News/NewsView.html?ID=291006&REFERER=NP,http://www.dailypharm.com/Users/News/NewsView.html?ID=291006&REFERER=NP,"Thu, 18 Aug 2022 10:12:00 +0900"
148,"KT, 초등 라이브 교육 플랫폼 '크루디' 론칭","박정호 KT 커스터머DX사업단 상무는 &quot;<b>코로나</b>19로 온라인 기반의 교육은 이제 새로운 교육 패러다임으로 자리 잡았으며, 지금보다 발전된 온라인 학습의 &apos;새로운 표준&apos;이 필요한 시점&quot;이라며 &quot;KT가 보유한 AI 기반의... ",http://www.worktoday.co.kr/news/articleView.html?idxno=27827,http://www.worktoday.co.kr/news/articleView.html?idxno=27827,"Thu, 18 Aug 2022 10:12:00 +0900"
149,코로나19 신규확진 17만8574명…해외유입 역대 최다,<b>코로나</b>19 재유행이 계속되면서 18일 신규 확진자 수가 이틀째 10만명대 후반을 기록했다. 사진=미디어펜 중앙방역대책본부는 이날 0시 기준으로 <b>코로나</b>19 확진자가 17만8574명 늘어 누적 2186만1296명이 됐다고... ,http://www.mediapen.com/news/view/747346,http://www.mediapen.com/news/view/747346,"Thu, 18 Aug 2022 10:12:00 +0900"
150,술자리 '저도주·소용량' 선호…'무알콜 맥주' 인기,특히 <b>코로나</b>19 이후 무알콜 맥주와 와인 판매가 급증했다. 롯데멤버스는 리서치 플랫폼 라임을 통해 6개월 이내에 술을 마신 적이 있는 전국 20~50대 남녀 2000명을 대상으로 설문조사를 한 결과 이같이 나타났다고... ,http://www.etnews.com/20220818000062,https://n.news.naver.com/mnews/article/030/0003037651?sid=101,"Thu, 18 Aug 2022 10:12:00 +0900"
151,신규확진 17만8천574명…위중증 470명·사망 61명,오늘(18일) <b>코로나</b>19 신규 확진자 수는 10만명대 후반을 기록했습니다. 중앙방역대책본부는 오늘 0시 기준으로 <b>코로나</b>19 확진자가 17만8천574명 늘어 누적 2천186만1천296명이 됐다고 밝혔습니다. 신규... ,http://mbnmoney.mbn.co.kr/news/view?news_no=MM1004711829,http://mbnmoney.mbn.co.kr/news/view?news_no=MM1004711829,"Thu, 18 Aug 2022 10:12:00 +0900"
152,코로나 신규확진 17만8574명 … 위중증 470명· 사망 61명(상보),"<b>코로나</b>19 재유행이 계속되는 가운데 하루 신규 확진자 수가 17만~18만명대를 이어가며 정부가 예측한 재유행 정점에 임박했다. 18일 중앙방역대책본부에 따르면, 이날 0시 기준으로 <b>코로나</b>19 확진자는... ",https://view.asiae.co.kr/article/2022081810055172597,https://n.news.naver.com/mnews/article/277/0005134337?sid=102,"Thu, 18 Aug 2022 10:12:00 +0900"
153,"딩동댕∼! KBS 전국노래자랑, 내달 영동서 녹화",선사하고 전국에 영동의 매력을 알리는 계기가 되길 기대하고 있다. 군 관계자는 &quot;<b>코로나</b>19로 움츠러들었던 활력을 다시 찾고 군민 소통과 화합의 무대가 될 수 있도록 내실있게 행사를 준비하겠다&quot;라고 말했다. 영동=,http://www.ggilbo.com/news/articleView.html?idxno=929194,http://www.ggilbo.com/news/articleView.html?idxno=929194,"Thu, 18 Aug 2022 10:12:00 +0900"
154,"영동서 송아지 세쌍둥이 탄생 ""경사났네""",이에 정영철 군수는 해당 농가에 직접 방문해 기쁨을 함께 축하하고 싶었으나 <b>코로나</b>와 가축방역을 위해 농가 방문을 자제하고 유선상으로 축하의 말을 전했다. 군 관계자는 &quot;송아지 세쌍둥이가 태어난 것은 유래가 거의... ,http://www.ggilbo.com/news/articleView.html?idxno=929192,http://www.ggilbo.com/news/articleView.html?idxno=929192,"Thu, 18 Aug 2022 10:12:00 +0900"
155,[동정] 보은군수,▲ 최재형 보은군수 ▲최재형 보은군수는 19일 오전 8시 30분 군청 영상회의실에서 열리는 <b>코로나</b>19 중앙재난안전대책본부 영상회의에 참석한다.,http://www.ggilbo.com/news/articleView.html?idxno=929197,http://www.ggilbo.com/news/articleView.html?idxno=929197,"Thu, 18 Aug 2022 10:12:00 +0900"
156,"동원F&B, '프리미엄 동원 참치액' 선봬","<b>코로나</b>19 확산 이후 내식 수요가 증가하면서 다양한 요리에 활용할 수 있는 액상 조미료 수요도 증가하는 추세다. 시장조사기관 닐슨코리아에 따르면 지난해 국내 액상 조미료 시장 규모는 약 500억원으로, 전년 대비 약... ",https://www.econovill.com/news/articleView.html?idxno=586245,https://www.econovill.com/news/articleView.html?idxno=586245,"Thu, 18 Aug 2022 10:12:00 +0900"
157,"피엔케이피부임상연구센타, 2년 연속 기업신용등급 A0 유지","생각하며, <b>코로나</b>19 이후에 찾아온 인플레이션과 원자재 가격 상승 등 많은 어려움이 있지만 P&amp;K만의 인체적용시험에 관한 월등한 경쟁력으로 지속적인 성장을 이루어내 더 높은 신용등급을 받을 수 있도록 하겠다&quot;고... ",http://www.pharmnews.com/news/articleView.html?idxno=208890,http://www.pharmnews.com/news/articleView.html?idxno=208890,"Thu, 18 Aug 2022 10:12:00 +0900"
158,"대전, 이틀연속 6000명대 확진…휴가·연휴 이후 급증",기사내용 요약 확진 누계 62만4964명…고령자 4명 더 숨져 누적 744명 대전시의 하루 <b>코로나</b>19 확진자수가 이틀연속 6000명대를 기록했다. 여름 휴가와 광복절 연휴 이후 환자가 크게 느는 추세다. 18일... ,http://www.newsis.com/view/?id=NISX20220818_0001982324&cID=10807&pID=10800,https://n.news.naver.com/mnews/article/003/0011369565?sid=102,"Thu, 18 Aug 2022 10:12:00 +0900"
159,"헥톤프로젝트, ‘또하나의가족 클래스’ 진행","교육은 <b>코로나</b>19로 온라인으로 진행됐으며, 전국 회원 약 100여명이 참석했다. 이번 교육은 시설 운영자가 필수로 인지해야 할 회계 기준과 재무 환경에 대한 내용으로 구성됐다. 교육은 한국노인장기요양기관협회... ",http://www.yakup.com/news/index.html?mode=view&cat=12&nid=272484,http://www.yakup.com/news/index.html?mode=view&cat=12&nid=272484,"Thu, 18 Aug 2022 10:12:00 +0900"
160,"소비자원, 삼성전자 드럼세탁기 유리문 깨지는 사고 관련 조사 나서 外 [오늘...","국내 <b>코로나</b>19 현황, 신규 확진 17만8574명...천천히 감소 예상 국내 <b>코로나</b>19 신규 확진자가 178,574명 늘었다. 중앙방역대책본부는 18일 0시 기준으로 <b>코로나</b>19 확진자가 178,574명 늘어 누적 21,861,296명이 됐다고 밝혔다.... ",http://www.sisunnews.co.kr/news/articleView.html?idxno=168760,http://www.sisunnews.co.kr/news/articleView.html?idxno=168760,"Thu, 18 Aug 2022 10:12:00 +0900"
161,버치홀딩스 러시아산 버치 합판 판매 개시,"합판 공장 건설과 합판 제조 설비에 투자를 하던 중, 2020년 <b>코로나</b>-19와 2022년 러시아의 우크라이나 침공의 전쟁으로 인한 경제 제재로 러시아 진출이 지연되면서 합판 생산의 일정에 차질이 발생했다. 공장에서 직접... ",https://www.woodkorea.co.kr/news/articleView.html?idxno=60576,https://www.woodkorea.co.kr/news/articleView.html?idxno=60576,"Thu, 18 Aug 2022 10:12:00 +0900"
162,"용산구, 을지연습 준비상황 점검",한편 구는 18일 낮 2시 종합상황실 근무자 140명을 대상으로 ▲2022 을지연습 개요 ▲각 분야별 임무 ▲상황조치 요령 ▲메시지 처리 방법 ▲<b>코로나</b>19 재유행에 따른 방역지침 준수 등을 교육한다. [전국매일신문] 서울... ,https://www.jeonmae.co.kr/news/articleView.html?idxno=909438,https://www.jeonmae.co.kr/news/articleView.html?idxno=909438,"Thu, 18 Aug 2022 10:12:00 +0900"
163,"옥천군장학회, 연이은 장학금 기탁 행렬",송일영 회장은 &quot;<b>코로나</b>19의 여파로 모두가 어려운 시기지만 지역사회를 이끌어 갈 인재육성을 위해 작은 정성이나마 보탬이 되고 싶다&quot;고 뜻을 전했다. 황규철 군수는 &quot;기탁하신 장학금은 지역 학생들의 소중한 꿈을... ,http://www.ggilbo.com/news/articleView.html?idxno=929204,http://www.ggilbo.com/news/articleView.html?idxno=929204,"Thu, 18 Aug 2022 10:12:00 +0900"
164,"주금공, 취약계층 전세특례보증 한도 5천만 원 → 8천만 원 확대","또 &apos;영세 자영업자 전세특례보증&apos; 대상을 부가가치세 납부의무 면제자에서 연간 사업소득 2,500만 원 이하인 자로 완화해 <b>코로나</b>19 등으로 어려움을 겪는 영세자영업자에 대한 지원을 확대하기로 했습니다. 최준우 주금공... ",https://biz.sbs.co.kr/article_hub/20000076763?division=NAVER,https://n.news.naver.com/mnews/article/374/0000299298?sid=101,"Thu, 18 Aug 2022 10:12:00 +0900"
165,2022년 가락시장 등 추석 휴업일 안내,공사 강민규 유통본부장은 “추석 휴업일 전후 원활한 농수산물 공급을 위해 도매시장법인 및 중도매인 등과 공조를 강화하여 <b>코로나</b>19 확산 방지 및 수급 안정에 최선을 다하겠다.” 고 밝혔다.,https://www.farmnmarket.com/news/article.html?no=17905,https://www.farmnmarket.com/news/article.html?no=17905,"Thu, 18 Aug 2022 10:12:00 +0900"
166,"쿠첸, 추석 맞아 '강秋쇼핑' 프로모션 실시...주방가전 할인 판매","아울러 쿠첸은 <b>코로나</b>19 상황을 고려해 혼자 추석을 보내는 &apos;혼추족&apos;을 위한 3인용 밥솥 &apos;121 ME&apos;와 냉동식품을 갓 만든 음식처럼 만들어주는 &apos;인버터 복합레인지&apos;도 기획전을 통해 할인가로 선보인다. ▲쿠첸, 민족 대명절... ",http://www.consumernews.co.kr/news/articleView.html?idxno=656893,http://www.consumernews.co.kr/news/articleView.html?idxno=656893,"Thu, 18 Aug 2022 10:12:00 +0900"
167,"서울구치소, 나라꽃 무궁화 심기로 ‘나라사랑’ 관심 제고","<b>코로나</b>19 확산방지를 위한 방역수칙을 준수하는 가운데 무궁화 나무를 청사 앞 국기게양대 주변에 식재했다. 국기게양대 주변 식재는 구치소를 방문하는 관계기관 직원 및 방문객의 애국심을 고취하고, <b>코로나</b>19 극복을... ",https://www.dnews.co.kr/uhtml/view.jsp?idxno=202208181002473820804,https://www.dnews.co.kr/uhtml/view.jsp?idxno=202208181002473820804,"Thu, 18 Aug 2022 10:12:00 +0900"
168,"경기, 17일 신규 확진 4만2435명…이틀 연속 4만명↑","기사내용 요약 사망자 14명 발생 경기도에서 <b>코로나</b>19 신규 확진자가 이틀 연속 4만명 넘게 발생했다. 경기도에 따르면 18일 0시 기준 확진자 4만2435명이 발생, 누적 확진자는 590만7705명이다.... ",http://www.newsis.com/view/?id=NISX20220818_0001982364&cID=14001&pID=14000,https://n.news.naver.com/mnews/article/003/0011369563?sid=102,"Thu, 18 Aug 2022 10:12:00 +0900"
169,대구 신규 확진자 9천933명… 격리 환자 4만 명 넘어,대구에서 신종 <b>코로나</b>바이러스 감염증(<b>코로나</b>19) 확진자가 하루 새 9천933명 발생했다. 지역 <b>코로나</b>19 병상 가동률은 닷새째 50%대로 나타났다. 18일 대구시에 따르면 이날 0시 기준 지역 <b>코로나</b>19 신규... ,https://www.idaegu.co.kr/news/articleView.html?idxno=391986,https://www.idaegu.co.kr/news/articleView.html?idxno=391986,"Thu, 18 Aug 2022 10:12:00 +0900"
170,2023학년도 대입 수능 원서접수 시작,이때 고교 졸업자 중 장애인(시험편의 제공대상자 한함)·수형자·군 복무자·입원 중인 환자·원서접수일 기준 현재 해외거주자(해외 여행자는 대상자에 해당하지 않음)·<b>코로나</b>19 관련 자가격리자 및 확진자 등은 대리... ,http://www.joongdo.co.kr/web/view.php?key=20220818010004968,http://www.joongdo.co.kr/web/view.php?key=20220818010004968,"Thu, 18 Aug 2022 10:12:00 +0900"
171,"CJ프레시웨이, 샌드위치·샐러드 등 식자재 매출 전년비 51% 성장","CJ프레시웨이 관계자는 &quot;<b>코로나</b>19 여파로 간편식과 배달 및 테이크아웃 음식 시장이 커지면서 햄버거·샌드위치·샐러드에 대한 수요가 증가함에 따라 발 빠르게 업종 특화 상품 라인업을 갖추고, 고객사 전용 상품을... ",https://www.onews.tv/news/articleView.html?idxno=135544,https://www.onews.tv/news/articleView.html?idxno=135544,"Thu, 18 Aug 2022 10:12:00 +0900"
172,"주금공, 전세특례보증 한도 5천만원 → 8천만원",‘영세 자영업자 전세특례보증’ 대상을 부가가치세 납부의무 면제자에서 연간 사업소득 2500만원 이하인 자로 완화해 <b>코로나</b> 19 등으로 어려움을 겪는 영세자영업자에 대한 지원을 확대키로 했다. 최준우 사장은... ,https://www.dailian.co.kr/news/view/1143790/?sc=Naver,https://n.news.naver.com/mnews/article/119/0002631253?sid=101,"Thu, 18 Aug 2022 10:11:00 +0900"
173,대경경자청 14주년… 7억 63백만 불 외투 유치,"최삼룡 청장은 기념사를 통해 &quot;<b>코로나</b> 시대 경제위기를 극복하고, 대구경북의 글로벌 혁신성장기지로 도약할 수 있도록 함께 노력해 나가야 할 시기&quot;라고 강조했다. 이어 투자유치를 통한 일자리 창출과... ",https://www.pressian.com/pages/articles/2022081809350176923?utm_source=naver&utm_medium=search,https://n.news.naver.com/mnews/article/002/0002255563?sid=102,"Thu, 18 Aug 2022 10:11:00 +0900"
174,"저축은행업계, 집중호우 피해 복구 지원에 3억원 기부",적극 지원함으로써 사회적 역할을 다할 것”이라고 말했다. 한편 저축은행업계는 <b>코로나</b>19 관련 만기연장·상환유예 등 금융지원 프로그램에 참여하며 경제적 어려움에 처한 소상공인·자영업자의 재기를 지원하고 있다.,http://news.heraldcorp.com/view.php?ud=20220818000162,https://n.news.naver.com/mnews/article/016/0002029870?sid=101,"Thu, 18 Aug 2022 10:11:00 +0900"
175,"우오현 SM그룹회장 ""계열사 경영인프라 고도화·시너지 강화""",우 회장은 글로벌시장 여건이 갈수록 여의치 않은 상황에서 신종 <b>코로나</b>바이러스 감염증(<b>코로나</b>19)으로 인한 파장이 어디까지 갈지 불투명한 상황임을 거듭 강조하면서 어려운 시기일수록 경영인프라 고도화 및 계열사간... ,http://www.seoulfn.com/news/articleView.html?idxno=464497,http://www.seoulfn.com/news/articleView.html?idxno=464497,"Thu, 18 Aug 2022 10:11:00 +0900"
176,"코로나19 확진자 17만8574명, 전주의 1.3배…한국 코로나19 다발 2위, 100만명...",연합뉴스에 따르면 <b>코로나</b>19 재유행이 계속되는 가운데 18일 신규 확진자 수가 이틀째 10만명대 후반을 기록했다. 중앙방역대책본부는 이날 0시 기준으로 <b>코로나</b>19 확진자가 17만8천574명 늘어 누적... ,http://www.topstarnews.net/news/articleView.html?idxno=14722427,http://www.topstarnews.net/news/articleView.html?idxno=14722427,"Thu, 18 Aug 2022 10:10:00 +0900"
177,올 가을 한강 잠수교를 걸어봐요! '2022 차 없는 잠수교 뚜벅뚜벅 축제',"또한, 시는 <b>코로나</b>19 상황을 파악하며 프로그램 축소, 시간 변경 등 축제를 탄력적으로 운영할 예정이다. 한편, 축제 기간 중 잠수교 차량 통제로 인한 불편을 최소화하기 위해 잠수교 남단 회전교차로를 정상... ",https://www.gukjenews.com/news/articleView.html?idxno=2531307,https://www.gukjenews.com/news/articleView.html?idxno=2531307,"Thu, 18 Aug 2022 10:10:00 +0900"
178,제주지역 미세·초미세먼지 줄었다,제주도내 대기환경측정소 현황 &apos;<b>코로나</b>19 팬데믹&apos; &apos;기후변화&apos; 등의 영향으로 제주에서 26년간 미세·초미세먼지가 감소한 것으로 나타났다. 제주도 보건환경연구원은 1995년부터 지난해까지 제주지역 미세먼지... ,http://www.jejudomin.co.kr/news/articleView.html?idxno=212131,http://www.jejudomin.co.kr/news/articleView.html?idxno=212131,"Thu, 18 Aug 2022 10:10:00 +0900"
179,"국제운수노동자, 서울 국제회의 열려","스티브 코튼 국제운수노동조합연맹(ITF) 사무총장이 한국운수물류총련(CKTLU) 대표단을 만나 <b>코로나</b>19 이후... 물론 <b>코로나</b>19로 잠시 중단됐지만, 매년 일본 교운노협과 인사교류를 통해 국제 교류 및 연대 활동을 하고... ",http://www.incheonnews.com/news/articleView.html?idxno=408727,http://www.incheonnews.com/news/articleView.html?idxno=408727,"Thu, 18 Aug 2022 10:10:00 +0900"
180,"하이트진로, '2022 이슬라이브 페스티벌' 공식 티켓 판매 개시",이슬라이브 페스티벌은 국내 유일 소주 뮤직페스티벌로 <b>코로나</b>19로 인해 2019년 이후 3년만에 열린다. 올해는 다음달 3일 경기도 가평군 자라섬에서 진행된다. 오성택 하이트진로 마케팅실 상무는 &quot;이슬라이브... ,http://www.asiaa.co.kr/news/articleView.html?idxno=95873,http://www.asiaa.co.kr/news/articleView.html?idxno=95873,"Thu, 18 Aug 2022 10:10:00 +0900"
181,"햄버거·샌드위치·샐러드 잘 팔리더니…CJ프레시웨이, 식자재 매출 '껑충'","이는 <b>코로나</b>19 여파로 간편식과 배달 및 테이크아웃 음식 시장이 커지면서 햄버거·샌드위치·샐러드에 대한 수요가 증가한 데 따른 것이다. CJ프레시웨이는 이에 주목해 업종 특화 상품 라인업을 갖추고, 고객사 전용... ",https://www.asiatoday.co.kr/view.php?key=20220818010010657,https://www.asiatoday.co.kr/view.php?key=20220818010010657,"Thu, 18 Aug 2022 10:10:00 +0900"
182,"해운업계, 해진공 추가 출자 및 해운발전기금 조성키로","해운업계는 지난 2014년부터 2018년까지 매년 수익의 일부를 해양진흥공사에 출자해왔으나, 2019년부터는 <b>코로나</b>19로 인한 업계지원 차원에서 출자를 유예한 상황이었다. 이날 임시총회를 통해 2019년, 2020년 출자 유예분과... ",http://www.dailylog.co.kr/news/articleView.html?idxno=23509,http://www.dailylog.co.kr/news/articleView.html?idxno=23509,"Thu, 18 Aug 2022 10:10:00 +0900"
183,"인천시,'디엠지(DMZ) 평화의 길' 강화테마노선 개방","평화의 길 두루누비&apos;에서 자세히 확인할 수 있다. 윤현모 시 해양항공국장은 &quot;이번 테마노선 개방을 통해 <b>코로나</b>로 지친 시민들에게는 활력을, 섬 지역에는 관광객 유치 등 새로운 동력이 되길 바란다&quot;고 말했다.",http://www.incheonnews.com/news/articleView.html?idxno=408730,http://www.incheonnews.com/news/articleView.html?idxno=408730,"Thu, 18 Aug 2022 10:10:00 +0900"
184,부산국제코미디페스티벌 19일 개막...열흘간 14개국 76개팀 참가,<b>코로나</b>19로 인해 3년만에 대면행사로 진행된다. 행사 기간에 8개국이 참여하는 국제코미디페스티벌협회도 출범한다. 부산시와 부코페는 19일 영화의전당 야외극장에서 ‘제10회 부산국제코미디페스티벌’ 개막식을... ,https://www.khan.co.kr/local/Busan/article/202208181009001,https://n.news.naver.com/mnews/article/032/0003167292?sid=102,"Thu, 18 Aug 2022 10:10:00 +0900"
185,"KT, 초등 라이브 교육 플랫폼 '크루디' 출시...인공지능 기반 학습 모니터링","KT 커스터머DX사업단 박정호 상무는 &quot;<b>코로나</b>19로 온라인 기반의 교육은 이제 새로운 교육 패러다임으로 자리 잡았으며, 지금보다 발전된 온라인 학습의 &apos;새로운 표준&apos;이 필요한 시점이다&quot;라며 &quot;KT가 보유한 AI 기반의... ",http://www.epnc.co.kr/news/articleView.html?idxno=226819,http://www.epnc.co.kr/news/articleView.html?idxno=226819,"Thu, 18 Aug 2022 10:10:00 +0900"
186,"청도 매전농협, 고령 농업인 의료지원 등 행복버스사업 펼쳐","시력보정을 위한 맞춤형 돋보기 안경 등 지원서비스를 실시했다. 박명수 매전농협 조합장은 &quot;추석을 앞두고 <b>코로나</b>19 장기화로 지친 어르신들의 건강을 체크하고, 조합원 안부도 확인하는 위로의 자리를 마련했다&quot;고 했다.",https://news.imaeil.com/page/view/2022081716585522059,https://n.news.naver.com/mnews/article/088/0000771279?sid=004,"Thu, 18 Aug 2022 10:10:00 +0900"
187,런치플레이션에 햄버거 뜨자…CJ프레시웨이 식자재 매출도 껑충,CJ프레시웨이 측은 매출 증가 배경에 대해 “<b>코로나</b>19 여파로 간편식과 배달·테이크아웃 음식 시장이 커지면서 햄버거·샌드위치·샐러드에 대한 수요가 증가함에 따라 업종 특화 상품 라인업을 갖추고 관련 사업에... ,https://www.sedaily.com/NewsView/269UG9TGTZ,https://n.news.naver.com/mnews/article/011/0004088815?sid=101,"Thu, 18 Aug 2022 10:10:00 +0900"
188,"오세훈 시장, 조부모 돌봄수당·육휴 장려금 120만원 지원한다","스마트폰 과다노출, <b>코로나</b>19로 인한 집콕, 원격수업 등 급변하는 보육환경에서 자라나는 아이들의 언어·지능 발달 지연을 예방하고 전문가 치료까지 원스톱으로 받을 수 있는 시설이다. 또자치구별 &apos;육아 지원... ",https://www.asiatoday.co.kr/view.php?key=20220818010010645,https://www.asiatoday.co.kr/view.php?key=20220818010010645,"Thu, 18 Aug 2022 10:10:00 +0900"
189,추석 선물은 ‘경북 사회적경제 상품’으로..최대 30% 활인,"특판전에 참여한 사회적기업 대표는 “<b>코로나</b>로 인해 장기적인 경기 침체와 고물가로 인해 판로가 막혀 답답할 때 경북도에서 적극적으로 여러 공공기관, 민간 대형유통사의 특판전 참여를 유도해... ",http://www.kukinews.com/newsView/kuk202208180033,http://www.kukinews.com/newsView/kuk202208180033,"Thu, 18 Aug 2022 10:10:00 +0900"
190,"저축은행 업계, 집중호우 피해 복구에 3억원 전달","한편 저축은행 업계는 지난 강원도 산불, <b>코로나</b>19 등 국가적 재난 발생시에도 성금을 기부한 바 있다. 이뿐 아니라 <b>코로나</b>19 관련 만기연장·상환유예 등 금융지원 프로그램에도 적극 참여하며 어려움에 처한 자영업자... ",https://www.onews.tv/news/articleView.html?idxno=135548,https://www.onews.tv/news/articleView.html?idxno=135548,"Thu, 18 Aug 2022 10:10:00 +0900"
191,신규확진 17만8574명… 해외유입 633명 ‘역대 최다’(종합),<b>코로나</b>19 신규 확진자수가 이틀 연속 10만명대 후반을 기록하며 방역당국이 예측한 이번 유행의 정점인 20만명에 가까워졌다. 18일 중앙방역대책본부에 따르면 이날 0시 기준 <b>코로나</b>19 신규 확진자는... ,http://www.shinailbo.co.kr/news/articleView.html?idxno=1588255,http://www.shinailbo.co.kr/news/articleView.html?idxno=1588255,"Thu, 18 Aug 2022 10:10:00 +0900"
192,"장준하 선생 47주기 추모식, 17일 간소하게 진행","장준하기념사업회(회장 장호권) 주관으로 열린 이번 추모식은 <b>코로나</b> 상황의 엄중함을 고려해 공식행사 없이 작은 규모의 헌화와 분향 참배로 진행됐다. 이날 추모식에는 김경일 파주시장, 조성환 경기도의원, 이성철... ",https://www.news1.kr/articles/4776386,https://n.news.naver.com/mnews/article/421/0006283881?sid=102,"Thu, 18 Aug 2022 10:10:00 +0900"
193,"제천시, 1년간 최대 20만원 청년 월세 한시 특별지원",<b>코로나</b>19 장기화로 인한 경제상황 악화로 경제적 어려움을 겪는 저소득 청년층의 주거비 부담 경감을 위해 한시적으로 추진하는 사업이다. 지원대상은 만 19~34세 청년으로 부모와 별도로 거주하고 임차보증금... ,https://www.news1.kr/articles/4776375,https://n.news.naver.com/mnews/article/421/0006283879?sid=102,"Thu, 18 Aug 2022 10:10:00 +0900"
194,"코빗, EDM 축제 ‘울트라 코리아 2022’ NFT 판매",오세진 코빗 대표는 “신종 <b>코로나</b>바이러스 감염증(<b>코로나</b>19) 여파로 3년 만에 열리는 축제인 만큼 NFT로 평생 소장해 축제를 더 의미 있게 기억할 수 있다”며 “앞으로도 다양한 행사와 연계해 코빗의 NFT를... ,http://www.fntimes.com/html/view.php?ud=2022081810035719549249a1ae63_18,http://www.fntimes.com/html/view.php?ud=2022081810035719549249a1ae63_18,"Thu, 18 Aug 2022 10:10:00 +0900"
195,신규 확진자 17만8574명...이틀째 ‘10만명’ 후반대,국내 <b>코로나</b>19 확진자가 17만8천574명 발생했다.18일 질병관리청 중앙방역대책본부에 따르면 이날 0시 기준 <b>코로나</b>19 신규 확진자 수는 전날 대비 17만 8천574명이 늘어 누적 2천186만1천296명이다.... ,http://www.kbsm.net/news/view.php?idx=360593,http://www.kbsm.net/news/view.php?idx=360593,"Thu, 18 Aug 2022 10:10:00 +0900"
196,"與 비대위, 당 갈등에 사과와 단결 호소…""분열은 필패""",엄태영 위원은 &quot;<b>코로나</b> 팬데믹 여파도 채 가시지 않은 상황에서 고금리·고환율·고물가 등 어려운 경제 환경이 국민의 삶을 더욱 힘들게 한다. 힘든 상황에서 국민께 힘이 되어야 하는 정치가 과연 제대로 하고 있는지... ,http://www.newsis.com/view/?id=NISX20220818_0001982338&cID=10301&pID=10300,https://n.news.naver.com/mnews/article/003/0011369548?sid=100,"Thu, 18 Aug 2022 10:09:00 +0900"
197,인천 9222명 확진…요양원서 누적 51명 집단감염,인천시는 전날 발생한 신종 <b>코로나</b>바이러스 감염증(<b>코로나</b>19) 확진자 수가 9천222명으로 집계됐다고 18일 밝혔다. 지난 1일부터 남동구 요양원에서 50명이 확진 판정을 받은 후 동일집단(코호트) 격리 중 1명이... ,https://www.yna.co.kr/view/AKR20220818050200065?input=1195m,https://n.news.naver.com/mnews/article/001/0013382325?sid=102,"Thu, 18 Aug 2022 10:09:00 +0900"
198,"주한미국상의, 3년만의 '워싱턴 도어녹' 성료…IPEF 등 협력 방안 모색",하기 위해 양국 정부와 앞으로도 긴밀히 협력해 나갈 것&quot;이라고 말했다. 암참의 &apos;워싱턴 도어녹&apos;은 미국의 고위 관리·정책 입안자들과 만나 협력 방안을 모색하는 프로그램이다. <b>코로나</b>19로 인해 3년만에 열리게 됐다.,https://view.asiae.co.kr/article/2022081810094915364,https://n.news.naver.com/mnews/article/277/0005134325?sid=101,"Thu, 18 Aug 2022 10:09:00 +0900"
199,인천 ‘DMZ 평화의 길’ 강화 테마노선 개방,"무단예약 취소 방지를 위해 참가비 1만 원을 받지만, 지역경제 활성화를 위해 지역상품권이나 지역화폐, 지역특산품으로 환급받을 수 있다 인천시 관계자는 “이번 강화 DMZ 테마노선 개방을 통해 <b>코로나</b>19로 지친... ",https://www.khan.co.kr/culture/culture-general/article/202208181008001,https://n.news.naver.com/mnews/article/032/0003167291?sid=102,"Thu, 18 Aug 2022 10:09:00 +0900"
200,[8/18(목) 코로나19 종합] 신규확진 17만8574명… 위중증 470명,"<b>코로나</b> 신규중앙방역대책본부는 18일 0시 기준 <b>코로나</b>19 신규 확진자가 17만8574명이라고 밝혔다. 누적 확진자는 2186만1296명이다. 신규 확진자의 감염 경로는 국내 발생은 17만7941명, 해외 유입은... ",https://www.dailian.co.kr/news/view/1143786/?sc=Naver,https://n.news.naver.com/mnews/article/119/0002631250?sid=102,"Thu, 18 Aug 2022 10:09:00 +0900"
201,경기 이재민 2명 코로나19 추가 확진…감염자 4명으로 늘어,지난 8~9일 이어진 집중호우로 집이 침수돼 임시주거시설에 수용중인 경기지역 이재민 2명이 추가로 <b>코로나</b>19에 감염됐다. 이로써 이재민중 <b>코로나</b>19 확진자가 모두 4명으로 늘어났다. 18일 경기도에 따르면 지난 16일... ,https://www.seoul.co.kr/news/newsView.php?id=20220818500022&wlog_tag3=naver,https://n.news.naver.com/mnews/article/081/0003295299?sid=102,"Thu, 18 Aug 2022 10:09:00 +0900"
202,"경북교육청, ‘2022학년도 수학여행지원단 운영지원팀 연수’ 실시",및 <b>코로나</b>19 감염 예방 매뉴얼 준수 여부를 점검하고 현장체험학습 안전요원 연수를 실시하며 지역의 특색을 살린 체험처를 발굴하고 홍보하는 업무 등을 맡고 있다. 지난 3년간 <b>코로나</b>로 인해 전면취소됐던 숙박형... ,https://www.ekn.kr/web/view.php?key=20220818010003177,https://www.ekn.kr/web/view.php?key=20220818010003177,"Thu, 18 Aug 2022 10:08:00 +0900"
203,경남 17일 1만1631명 확진 ‘이틀째 1만명 이상’…10일째 매일 사망자 나와,"경남도는 17일 도내 신종 <b>코로나</b>바이러스 감염증(<b>코로나</b>19) 확진자가 1만1631명 발생했다고 18일 밝혔다. 이는 지난 16일보다 1092명 줄어든 반면, 일주일 전 같은 요일인 지난 10일보다는 3420명이 증가한... ",https://www.news1.kr/articles/4776369,https://n.news.naver.com/mnews/article/421/0006283877?sid=102,"Thu, 18 Aug 2022 10:08:00 +0900"
204,"NH농협은행, '방역핀패드'로 코로나19 확산 방지 앞장",NH농협은행 제공 [뉴스락]  NH농협은행(은행장 권준학)은 <b>코로나</b>19 확산 방지와 고객의 안전한 금융 거래를... 조상진 IT부문 부행장은&quot;최근 <b>코로나</b>19 재확산에 따라 확대를 서두르게 됐다&quot;며 &quot;고객 가치를 최우선으로... ,http://www.newslock.co.kr/news/articleView.html?idxno=59084,http://www.newslock.co.kr/news/articleView.html?idxno=59084,"Thu, 18 Aug 2022 10:08:00 +0900"
205,"5대 제약사, 상반기 R&D 투자 '공격모드'",▲제2형당뇨병(해외기술도입 국내 임상계획신청) ▲궤양성대장염(글로벌 임상2상) ▲특발성 폐섬유증(글로벌 임상2상) ▲비만(국내 임상2상 준비) ▲자가면역질환제(미국 임상1상) ▲<b>코로나</b> 치료제(국내 중증... ,https://www.fetv.co.kr/news/article.html?no=122461,https://www.fetv.co.kr/news/article.html?no=122461,"Thu, 18 Aug 2022 10:08:00 +0900"
206,"전북, 14개 시군서 6983명 확진… 60대 이상 2054명","기사내용 요약 감염지수, 일주일(10~16일) 0.98~1.14 누적 확진자, 72만9813명으로 증가해 [전북=뉴시스] 한훈 기자 = 전북지역의 <b>코로나</b>19 확진자가 이틀 연속 6000명을 넘기며 좀처럼 꺾이지 않고 있다. 18일... ",http://www.newsis.com/view/?id=NISX20220818_0001982348&cID=10899&pID=10800,https://n.news.naver.com/mnews/article/003/0011369545?sid=102,"Thu, 18 Aug 2022 10:08:00 +0900"
207,"동원F&B, ‘프리미엄 동원 참치액’ 출시…""참치 명가 노하우 담아""",5% 함유하고 있으며 황다랑어 추출물을 더했다. 동원 F&amp;B는 <b>코로나</b>19로 내식 수요가 증가하자 여러 요리에 활용할 수 있는 액상 조미료에 대한 수요가 크게 증가하고 있다고 전했다.,http://www.thebigdata.co.kr/view.php?ud=2022081809230495832d2db879fd_23,http://www.thebigdata.co.kr/view.php?ud=2022081809230495832d2db879fd_23,"Thu, 18 Aug 2022 10:08:00 +0900"
208,"[코로나19 발생현황] 17만8574명 확진, 전날보다 2229명 적어…이틀째 10만명...",전국적으로 <b>코로나</b>19 재유행이 이어지면서 18일 신규 확진자 수가 이틀째 10만명대 후반을 나타냈다. 중앙방역대책본부는 이날 0시 기준 <b>코로나</b>19 확진자가 17만8574명 증가해 누적 2186만1296명이 됐다고... ,http://www.getnews.co.kr/news/articleView.html?idxno=595604,http://www.getnews.co.kr/news/articleView.html?idxno=595604,"Thu, 18 Aug 2022 10:08:00 +0900"
209,대구경북 통합신공항 기본계획 수립 완료…2030년까지 이전,"이와 함께 국토교통부는 사전타당성 검토용역을 통해 군 공항 시설과 민항시설의 조화로운 배치를 위한 방안, <b>코로나</b> 이후 최근 증가 추세에 있는 항공 수요, 적정 공항용량 및 규모 등을 종합적으로 검토 중이다.... ",http://www.kukinews.com/newsView/kuk202208180039,http://www.kukinews.com/newsView/kuk202208180039,"Thu, 18 Aug 2022 10:08:00 +0900"
210,"10명 중 3명 ""9월 이후 휴가갑니다""…60% ""국내여행""",<b>코로나</b>19 재유행과 이른 추석 연휴가 맞물리면서 &apos;늦은 휴가&apos;를 계획하는 사람이 많아진 것으로... 모두투어 측은 &quot;<b>코로나</b>19 재유행이 8월 이후 감소할 것이라는 전망은 업계에 희소식&quot;이라며 &quot;앞으로도 차별화된... ,http://www.wowtv.co.kr/NewsCenter/News/Read?articleId=A202208180078&t=NN,https://n.news.naver.com/mnews/article/215/0001049147?sid=103,"Thu, 18 Aug 2022 10:08:00 +0900"
211,"CJ프레시웨이, 햄버거·샌드위치·샐러드 식자재 매출 전년비 51%↑","<b>코로나</b>19 여파로 간편식과 배달 및 테이크아웃 음식 시장이 커지면서 햄버거·샌드위치·샐러드에 대한 수요가 증가함에 따라 발 빠르게 업종 특화 상품 라인업을 갖추고, 고객사 전용 상품을 개발하는 등 다양한 밀... ",http://daily.hankooki.com/news/articleView.html?idxno=861227,http://daily.hankooki.com/news/articleView.html?idxno=861227,"Thu, 18 Aug 2022 10:08:00 +0900"
212,"[#먹거리 신상이오] 농심 ‘후루룩쌀국수 미역국’ 출시 外 CJ제일제당, 동원...",신종 <b>코로나</b>바이러스 감염증(<b>코로나</b>19)으로 내식 수요가 증가하자 다양한 요리에 활용할 수 있는 액상 조미료에 대한 수요가 크게 증가하고 있다. 시장조사기관 닐슨코리아에 따르면 지난해 국내 액상 조미료 시장... ,http://www.newscj.com/article/20220818580148,http://www.newscj.com/article/20220818580148,"Thu, 18 Aug 2022 10:08:00 +0900"
213,'코로나 재유행' 18일 신규 확진자 수 17만 8574명...외국인 증가,<b>코로나</b>19 전담병원 / 사진=연합뉴스 <b>코로나</b>19 재유행이 계속되는 가운데 18일 신규 확진자 수가 이틀째 10만명대 후반을 기록했다. 중앙방역대책본부는 이날 0시 기준으로 <b>코로나</b>19 확진자가 17만8천574명 늘어... ,https://www.jeonmae.co.kr/news/articleView.html?idxno=909461,https://www.jeonmae.co.kr/news/articleView.html?idxno=909461,"Thu, 18 Aug 2022 10:08:00 +0900"
214,17만8574명 확진…재유행 정점 가까운 수준,▲ /연합뉴스 18일 <b>코로나</b>19 신규 확진자 수가 이틀째 10만명대 후반을 기록했다. 중앙방역대책본부는 18일 0시 기준으로 <b>코로나</b>19 확진자가 17만8574명 늘어 누적 2186만1296명이 됐다고 밝혔다. 방역당국이... ,http://www.incheonilbo.com/news/articleView.html?idxno=1157421,http://www.incheonilbo.com/news/articleView.html?idxno=1157421,"Thu, 18 Aug 2022 10:08:00 +0900"
215,"KB국민카드, 해외 저소득층 아동 대상 고객 참여형 봉사활동 실시","이번 캠페인은 &apos;<b>코로나</b> 19&apos; 상황을 고려한 비대면 사회공헌 활동으로 KB금융그룹 캐릭터인 스타프렌즈가 도안된 티셔츠에 고객이 직접 채색해 완성하는 &apos;사랑T&apos; 만들기와 가정 내 재사용이 가능한 의류, 학용품 등 물품을... ",https://www.straightnews.co.kr/news/articleView.html?idxno=215539,https://www.straightnews.co.kr/news/articleView.html?idxno=215539,"Thu, 18 Aug 2022 10:08:00 +0900"
216,"동원F&B, 참치 명가의 노하우를 담은 '프리미엄 동원 참치액' 출시","<b>코로나</b>19로 내식 수요가 증가하자 다양한 요리에 활용할 수 있는 액상 조미료에 대한 수요가 크게 증가하고 있다.  시장조사기관 닐슨코리아에 따르면, 지난해 국내 액상 조미료 시장 규모는 약 500억원으로, 전년... ",http://www.newslock.co.kr/news/articleView.html?idxno=59083,http://www.newslock.co.kr/news/articleView.html?idxno=59083,"Thu, 18 Aug 2022 10:08:00 +0900"
217,"우리농업지키기운동본부·경남농협·무학, 결식 아동·청소년 위한 사랑의 쌀...","김영태 대표는 “3년간 지속된 <b>코로나</b>19 영향으로 도움의 손길이 절실했는데 우리농업지키기운동본부와 향토기업 무학, 경남농협이 큰 도움을 주신 데 매우 감사드린다”면서 “온기 가득한 쌀과 지원품이 최대한 빨리... ",http://www.nongmin.com/article/ar_detail.htm?seq_id=361371,https://n.news.naver.com/mnews/article/662/0000005211?sid=102,"Thu, 18 Aug 2022 10:07:00 +0900"
218,“더는 못 미뤄” 코로나 재확산 속 3년만에 ‘여름 졸업식’ 열리는 대학가,"신종 <b>코로나</b>바이러스 감염증(<b>코로나</b>19) 6차 대유행으로 신규확진 규모가 18만명 안팎으로 늘어난 가운데, 서울 주요 대학들이 일상 회복 후 처음으로 대면 졸업식을 여는 분위기다. 18일 헤럴드경제 취재에 따르면... ",http://news.heraldcorp.com/view.php?ud=20220818000153,https://n.news.naver.com/mnews/article/016/0002029864?sid=102,"Thu, 18 Aug 2022 10:07:00 +0900"
219,"[쇼미답] 이정모 ""지구상 동물 32%는 인간…6차 대멸종 전조 증상""","◆ 이정모&gt; <b>코로나</b>가 대충 풀리면서 사실 과학관에 하루에 한 6000명씩 오고 있습니다. 적절한 인원인 것 같아요. 예전에는 1만 명씩도 왔었는데요. 너무 힘들었고 6000명, 6500명 정도가 과학관을 안락하게 관람할 수 있는... ",https://www.nocutnews.co.kr/news/5803598,https://n.news.naver.com/mnews/article/079/0003675888?sid=100,"Thu, 18 Aug 2022 10:07:00 +0900"
220,"문인 광주 북구청장 ""여성 참여·성평등 실현으로 모두가 행복한 북구로""","북구는 한때 &apos;광주의 관문&apos;으로 불렸으나 광주역 KTX 진입이 끊기고 <b>코로나</b>19 충격이 더해져 지역경제 활력이 예전 같지 않다. 노인·아동청소년·장애인 등 사회복지시설 밀집 지역이고, 전체 예산의 약 70%는... ",http://www.womennews.co.kr/news/articleView.html?idxno=226970,https://n.news.naver.com/mnews/article/310/0000099434?sid=102,"Thu, 18 Aug 2022 10:07:00 +0900"
221,17일 하루 경남도내 코로나19 확진자 1만 1631명 발생,17일 하루 경남도내 <b>코로나</b>19 확진자 1만 1631명이 발생했다. 경남도는 18일 오전 10시 <b>코로나</b>19 발생과 대응관련 브리핑 자료를 통해 17일 하루 신규 확진자 1만 1631명이 발생했다고 밝혔다. 이들은 도내... ,http://www.busan.com/view/busan/view.php?code=2022081810060271019,https://n.news.naver.com/mnews/article/082/0001170239?sid=102,"Thu, 18 Aug 2022 10:07:00 +0900"
222,자가격리 마지막 날 바다낚시 간 전주시의원 '적발',전주시의회 소속 한 의원이 <b>코로나</b>19 감염으로 인한 자가격리 기간 중 바다 낚시를 한 사실이 드러났다. 18일... 신고를 받고 출동한 해경이 사고를 조사하는 과정에서 A의원이 <b>코로나</b>19 확진 상태였던 사실이 드러났다.... ,https://www.news1.kr/articles/4776340,https://n.news.naver.com/mnews/article/421/0006283875?sid=102,"Thu, 18 Aug 2022 10:07:00 +0900"
223,"신규확진, 소폭 감소했지만… 여전히 18만명 육박(종합)",18일 0시 기준 신종 <b>코로나</b>바이러스 감염증(<b>코로나</b>19) 신규 확진자가 17만8574명으로 집계됐다. 이날 신규 확진자는 전일(18만803명) 대비 소폭 감소했다. 하지만 비수도권 확진자가 지난 17일보다 5490명... ,http://moneys.mt.co.kr/news/mwView.php?no=2022081809384259978,https://n.news.naver.com/mnews/article/417/0000843857?sid=102,"Thu, 18 Aug 2022 10:07:00 +0900"
224,"롯데면세점, 소상공인 위한 ‘치어럽스 프로젝트’ 2기 진행",롯데면세점이 <b>코로나</b> 장기화로 외식경영에 어려움을 겪고 있는 소상공인을 돕기 위한 ‘치어럽스(CHEERUPS)’ 프로젝트 2기 모집을 완료하고 본격적으로 골목상권 살리기에 나섰다고 18밝혔다. 치어럽스는 외식사업을... ,https://www.dailian.co.kr/news/view/1143769/?sc=Naver,https://n.news.naver.com/mnews/article/119/0002631249?sid=101,"Thu, 18 Aug 2022 10:07:00 +0900"
225,경남 어제 확진자 1만 1631명...전국 17만 8574명,경남 <b>코로나</b>19 하루 확진자는 18일 0시 기준(전날 0시 이후) 1만 1631명이다. 지역별 확진자는 △창원 3587명 △김해1881명 △진주 1452명 △양산 1415명 △거제 658명 △사천 530명 △통영 364명 △밀양... ,http://www.idomin.com/news/articleView.html?idxno=802334,http://www.idomin.com/news/articleView.html?idxno=802334,"Thu, 18 Aug 2022 10:06:00 +0900"
226,2022 강원학생스포츠축제 다음달 3일 개최,"&apos;<b>코로나</b>19&apos; 장기화로 순연됐던 &apos;2022 강원학생스포츠축제&apos;가 다음달 개최됩니다. 강원도교육청과 춘천시가 공동 주최하는 이번 행사는 다음달 3일부터 이틀간, 춘천에서 14개 종목, 홍천·삼척에서 7개 종목이 분산 개최될... ",https://www.g1tv.co.kr/news?mid=1_207_3&newsid=271370,https://www.g1tv.co.kr/news?mid=1_207_3&newsid=271370,"Thu, 18 Aug 2022 10:06:00 +0900"
227,[특징주] 유틸렉스 주가 나흘 연속 '상승세'...코로나19·와 항암제 특허로 겹...,"유틸렉스는 <b>코로나</b>19 관련주로 진단·치료제·백신 개발 등의 일을 하고 있어 주가 상승에 영향을 준 것으로 추정된다. 18일 0시 기준 <b>코로나</b>19 신규 확진 17만 8,574명으로 전주보다 1.3배 늘어났다. 한편 유틸렉스는... ",https://www.gokorea.kr/news/articleView.html?idxno=728729,https://www.gokorea.kr/news/articleView.html?idxno=728729,"Thu, 18 Aug 2022 10:06:00 +0900"
228,NH농협은행 '방역핀패드' 1700대 확대 운영,NH농협은행(은행장 권준학)은 <b>코로나</b>19 확산 방지와 고객의 안전한 금융 거래를 위해 19일부터 9월... 조상진 IT부문 부행장은 &quot;최근 <b>코로나</b>19 재확산에 따라 확대를 서두르게 되었다&quot;고 밝혔다.,http://www.wsobi.com/news/articleView.html?idxno=171778,http://www.wsobi.com/news/articleView.html?idxno=171778,"Thu, 18 Aug 2022 10:06:00 +0900"
229,"세종시교육청, 2023학년도 대학수학능력시험 원서접수","않음), <b>코로나</b>19 관련 자가격리자 및 확진자 등은 예외적으로 대리 접수할 수 있다. 아울러, 세종시 거주하는... 올해도 마스크 착용, 손소독제 사용, 1m 이상 거리두기 등의 <b>코로나</b>19 예방을 위한 방역관리 지침을 준수하며... ",https://www.viva100.com/main/view.php?key=20220818010004458,https://www.viva100.com/main/view.php?key=20220818010004458,"Thu, 18 Aug 2022 10:06:00 +0900"
230,"순천에 뜬 김연경,’선수단과 팬심 모두 사로잡은 배구 여제’ [O! SPORTS]",프로배구대회 예선 A조 경기에서 GS칼텍스에 세트 스코어 2-3(25-15 19-25 21-25 23-25 13-15)로 석패했다. 흥국생명 김연경이 <b>코로나</b>19 악재에도 팀의 분위기 메이커 역할을 하며 훈련을 진행했다. 2022.08.17,http://www.osen.co.kr/article/G1111921421,https://sports.news.naver.com/news.nhn?oid=109&aid=0004680471,"Thu, 18 Aug 2022 10:06:00 +0900"
231,"제주시 동부보건소, 2022년 지역사회 건강조사...성인 900여명 대상","조사원이 <b>코로나</b>19 예방지침을 철저히 준수한 가운데 가구를 방문하여 1대1 면접조사 방식으로으로 조사한다. 주요 조사항목으로는 흡연, 음주, 신체활동 등의 건강행태와 고혈압, 당뇨병 등 만성질환을 비롯해 <b>코로나</b>1... ",http://www.headlinejeju.co.kr/news/articleView.html?idxno=494186,http://www.headlinejeju.co.kr/news/articleView.html?idxno=494186,"Thu, 18 Aug 2022 10:06:00 +0900"
232,'디엠지(DMZ) 평화의 길' 강화군 테마노선 개방,"그러면서 &quot;테마노선 개방을 통해 <b>코로나</b>로 지친 시민들에게는 활력을, 섬 지역에는 관광객 유치 등 새로운 동력이 되길 바란다&quot;고 말했다. 사전 예약은 &apos;DMZ 평화의 길 두루누비&apos;에서 확인할 수 있다. 뉴스로드 ",http://www.newsroad.co.kr/news/articleView.html?idxno=18360,http://www.newsroad.co.kr/news/articleView.html?idxno=18360,"Thu, 18 Aug 2022 10:06:00 +0900"
233,"공무원 동결,감축..불안한 공시생","[인터뷰](전화) &quot;<b>코로나</b>19라든지 방역 이런 것들은 생각지도 못했던 업무인데요, 재난대응이라든지요. 인력이 갑자기 부족하다거나 이런 부분이 생기거든요. 너무 획일적으로 조직을 무조건 줄여야 한다 없애야 한다는 것... ",https://www.g1tv.co.kr/news?mid=1_207_3&newsid=271379,https://www.g1tv.co.kr/news?mid=1_207_3&newsid=271379,"Thu, 18 Aug 2022 10:06:00 +0900"
234,"김진태 도지사 ""임기내 빚 6,000억 원 갚겠다""","평창 동계올림픽과 <b>코로나</b>19 대유행을 거치면서 늘어난 채무가 내년이면 1조 원을 넘길 것으로 보고, 꼭 필요한 사업에는 예산을 투입하겠지만, 기본적인 기조는 긴축재정을 내세웠습니다. “강원도 빚이 1조 원입니다.... ",https://www.g1tv.co.kr/news?mid=1_207_3&newsid=271372,https://www.g1tv.co.kr/news?mid=1_207_3&newsid=271372,"Thu, 18 Aug 2022 10:06:00 +0900"
235,"글로벌 경기 침체, 미국이 아니라 유럽 중국이 걱정이다","이 연구원은 &quot;지수가 -50 이하로 내려간 것은 독일 통일 이후 2008년 글로벌 금융위기, 2012년 유로존 위기, 2020년 <b>코로나</b> 사태뿐&quot;이라고 밝혔다. 영국은 지난달 소비자물가지수(CPI)가 전년 동월 대비 10.1% 상승하는 등... ",https://www.foodneconomy.com/news/articleView.html?idxno=339299,https://www.foodneconomy.com/news/articleView.html?idxno=339299,"Thu, 18 Aug 2022 10:06:00 +0900"
236,대구경북 통합신공항 청사진 나왔다,"국토교통부는 사전타당성 검토용역을 통해 군 공항 시설과 민항시설의 조화로운 배치를 위한 방안, <b>코로나</b> 이후 최근 증가 추세에 있는 항공 수요, 적정 공항용량 및 규모 등을 종합적으로 검토 중이며 대구시와 국토부... ",http://www.newsis.com/view/?id=NISX20220818_0001982337&cID=10810&pID=10800,https://n.news.naver.com/mnews/article/003/0011369533?sid=102,"Thu, 18 Aug 2022 10:06:00 +0900"
237,[종합] 신규 확진 17만8574명…전주대비 1.3배 증가,"이투데이=세종=서병곤 기자 | 위중증 환자 470명...사망자 69명으로 전날보다 19명↑ <b>코로나</b>19가... <b>코로나</b>19 사망자는 61명으로 직전일보다 19명 늘었다. 사망자는 80대 이상이 32명(52.5%), 70대가 16명(26.2... ",https://www.etoday.co.kr/news/view/2164619,https://www.etoday.co.kr/news/view/2164619,"Thu, 18 Aug 2022 10:06:00 +0900"
238,"코로나 소아 사망, 7월 이후에만 6명…""개학 앞두고 주의 절실""",<b>코로나</b>19 재유행 이후 소아청소년 사망자가 늘고 있다. 특히 7월 이후 소아청소년 사망자가 전체 소아청소년... 사진=뉴시스 중앙방역대책본부에 따르면 17일 기준 10세 미만 <b>코로나</b>19 사망 사례는 29건이다. 10세 미만... ,http://www.edaily.co.kr/news/newspath.asp?newsid=01830246632428632,https://n.news.naver.com/mnews/article/018/0005294939?sid=102,"Thu, 18 Aug 2022 10:06:00 +0900"
239,코로나19 신규확진 17만명대…사망자 하루 새 19명 늘어,"<b>코로나</b>19 병상 보유량은 전체 7,305병상으로, 가동률은 위중증 45.4%, 준-중증 60.5%, 중등증 43.8... 한편 <b>코로나</b>19 예방접종 대응 추진단은 지난 11~17일동안 1차 접종자가 2,864명, 2차접종자가 2,346명... ",http://www.yakup.com/news/index.html?mode=view&cat=11&nid=272485,http://www.yakup.com/news/index.html?mode=view&cat=11&nid=272485,"Thu, 18 Aug 2022 10:06:00 +0900"
240,"주금공, 전세특례보증 한도 최대 ‘5천만원→8천만원’ 상향",또 영세 자영업자 전세특례보증 대상을 부가가치세 납부의무 면제자에서 연간 사업소득 2500만원 이하인 자로 완화해 <b>코로나</b>19 등으로 어려움을 겪는 영세자영업자에 대한 지원을 확대하기로 했다. 최준우 HF 사장은... ,http://www.nspna.com/news/?mode=view&newsid=588052,http://www.nspna.com/news/?mode=view&newsid=588052,"Thu, 18 Aug 2022 10:06:00 +0900"
241,"고양시, 어린이통학버스 운행기록장치 장착비용 지원신청 마감 임박","고양시가 <b>코로나</b>19 장기화로 운영에 어려움을 겪고 있는 지역 내 학원과 교습소, 사립유치원의 위기 극복 지원을 위해 지난 4월부터 지원 중인 어린이통학버스 운행기록장치 장착비용 지원 신청이 오는 9월 30일... ",http://www.mygoyang.com/news/articleView.html?idxno=69302,http://www.mygoyang.com/news/articleView.html?idxno=69302,"Thu, 18 Aug 2022 10:06:00 +0900"
242,"함양군, 제17회 산삼축제 '군민가요제' 참가자 모집",이밖에도 군민 참여를 위해 통기타 동아리 등 지역주민으로 구성된 음악동아리팀을 위한 무대와 소망등 달기 등 다양한 군민 참여 프로그램을 추가해 <b>코로나</b>19로 지친 군민들에게 추억을 선물할 예정이다. 함양군이 주최... ,https://www.gukjenews.com/news/articleView.html?idxno=2531303,https://www.gukjenews.com/news/articleView.html?idxno=2531303,"Thu, 18 Aug 2022 10:06:00 +0900"
243,[속보] 인천서 9222명 확진·3명 사망...이틀 연속 9000명대,"인천투데이=김현철 기자│인천에서 하루 새 <b>코로나</b>19 신규 확진자 9222명이 발생했다. 18일 인천시 등이 발표한 자료를 보면, 이날 오전 0시 기준 인천에서 9222명이 <b>코로나</b>19 신규 확진 판정을 받았다. 지난... ",http://www.incheontoday.com/news/articleView.html?idxno=220737,http://www.incheontoday.com/news/articleView.html?idxno=220737,"Thu, 18 Aug 2022 10:06:00 +0900"
244,[전문] 코로나19 대응 관련 대구시 서면 브리핑(2022.08.18.),"대구시, <b>코로나</b>19 대응 브리핑 자료(920보) □ 대구시 확진 환자 현황 ○ 질병관리청 발표 8월 18일 오전 0시 현재 대구시에서 발생한 <b>코로나</b>19 신규 확진환자는 9,933명*(지역감염 9,914, 해외유입 19)으로, 총... ",https://www.idaegu.co.kr/news/articleView.html?idxno=391985,https://www.idaegu.co.kr/news/articleView.html?idxno=391985,"Thu, 18 Aug 2022 10:06:00 +0900"
245,확진 17만8574명 '전주대비 1.3배'…70만명 재택치료중(종합),1% [서울=뉴시스] 구무서 김지현 기자 = <b>코로나</b>19 유행이 이틀연속 18만명 내외로 발생하면서 거센... <b>코로나</b>19로 사망한 사람은 전날보다 19명 늘어난 61명이다. 이 중 50세 이상이 56명(91.8%)이다. 누적... ,http://www.newsis.com/view/?id=NISX20220818_0001982343&cID=10201&pID=10200,https://n.news.naver.com/mnews/article/003/0011369532?sid=102,"Thu, 18 Aug 2022 10:05:00 +0900"
246,"인천시, 어제 9222명 코로나19 확진…3명 사망","인천시에서 18일 0시 기준 9222명이 <b>코로나</b>19 확진 판정을 받았다. 확진자 가운데 3명이 병원에서... 인천시 <b>코로나</b>19 백신 접종 현황은 이날 0시 기준 1차 접종 256만9611명(87.8%), 2차 접종 254만5076명(86.9%), 3차... ",http://www.newsis.com/view/?id=NISX20220818_0001982347&cID=10802&pID=14000,https://n.news.naver.com/mnews/article/003/0011369531?sid=102,"Thu, 18 Aug 2022 10:05:00 +0900"
247,"인천시, 강화 'DMZ 평화의 길' 테마노선 개방","등은 &apos;DMZ 평화의 길 두루누비&apos;에서 자세히 확인할 수 있다. 윤현모 시 해양항공국장은 &quot;이번 테마노선 개방을 통해 <b>코로나</b>로 지친 시민들에게는 활력을, 섬 지역에는 관광객 유치 등 새로운 동력이 되길 바란다&quot;고 말했다.",http://www.enewstoday.co.kr/news/articleView.html?idxno=1591756,http://www.enewstoday.co.kr/news/articleView.html?idxno=1591756,"Thu, 18 Aug 2022 10:05:00 +0900"
248,"""질병·재난 피해 위해 한국교회가 기도해야""",이영훈 목사는 환영사에서 &quot;<b>코로나</b>19와 사상 최악의 폭우 등 예기치 못한 재난을 맞이하면서 우리는 하나님께서 창조하신 자연 앞에서 겸손해져야 한다는 것을 깨달았다&quot;고 전했다. 그러면서 &quot;피해를 입은 이웃들을 주의... ,https://www.goodnews1.com/news/articleView.html?idxno=411476,https://www.goodnews1.com/news/articleView.html?idxno=411476,"Thu, 18 Aug 2022 10:04:00 +0900"
249,고창군 '군민 재난지원금' 22일부터 지급,심덕섭 고창군수는 &quot;장기간 지속된 <b>코로나</b>19로 지친 군민들의 심리적ㆍ육체적 피로감을 해소하는 동시에 침체된 지역경제에 활력을 불어넣기 위해 긴급생활지원금... ,http://www.breaknews.com/916878,http://www.breaknews.com/916878,"Thu, 18 Aug 2022 10:04:00 +0900"
250,"KB국민카드, 해외 저소득층 아동 위한 고객 참여형 봉사활동 실시","이번 캠페인은&apos;<b>코로나</b>19&apos;상황을 고려한 비대면 사회공헌 활동으로KB금융그룹 캐릭터인 스타프렌즈가 도안된 티셔츠에 고객이 직접 채색해 완성하는&apos;사랑T&apos;만들기와 가정 내 재사용이 가능한 의류,학용품 등 물품을 모아... ",http://www.koreaittimes.com/news/articleView.html?idxno=115263,http://www.koreaittimes.com/news/articleView.html?idxno=115263,"Thu, 18 Aug 2022 10:04:00 +0900"
251,"어반베이스, 일본 상업용 부동산 시장 진출","어반베이스 측은 &quot;일본 또한 <b>코로나</b>19 영향으로 비대면 부동산 거래에 대한 관심이 높아지면서, 주거용은 물론 상업용 분야에서도 온라인 중개 서비스 도입 사례가 점차 증가하고 있다&quot;면서 &quot;앳 오피스는 어반베이스 3D... ",http://sports.hankooki.com/news/articleView.html?idxno=6804907,http://sports.hankooki.com/news/articleView.html?idxno=6804907,"Thu, 18 Aug 2022 10:04:00 +0900"
252,"K-뷰티 엑스포, 동남아로 진출","<b>코로나</b>19 변수를 감안, 현지 입국이 어려운 참가기업을 위해서는 현지에서 부스를 대신 운영할 통역원... 김규식 경기도 미래성장정책관은 “지난해에도 <b>코로나</b>19로 인해 판로 개척에 많은 어려움이 있는... ",http://www.skyedaily.com/news/news_view.html?ID=164772,http://www.skyedaily.com/news/news_view.html?ID=164772,"Thu, 18 Aug 2022 10:04:00 +0900"
253,[보험 브리핑] 교보·삼성생명·KB손보,"교보생명은 지난 2020년 신종 <b>코로나</b>바이러스 감염증(<b>코로나</b>19) 극복 지원 성금, 집중호우 피해 복구 성금을 전국재해구호협회에 전달한 바 있다. 지난 3월에는 강원·경북 산불 피해 복구 성금을 기부하는 등 재해·재난... ",http://www.metroseoul.co.kr/article/20220818500075,http://www.metroseoul.co.kr/article/20220818500075,"Thu, 18 Aug 2022 10:04:00 +0900"
254,CJ프레시웨이 “햄버거·샌드위치 등 식자재 매출 51% ↑”,<b>코로나</b>19로 간편식·배달 음식 시장이 커지면서 특화 상품 라인업을 구축하고 고객사 전용 상품 개발 등에 주력한 결과라는 설명입니다. CJ프레시웨이는 지난해부터 햄버거·샌드위치·샐러드 전략적 상품 구성과 고객사... ,https://www.inthenews.co.kr/news/article.html?no=47967,https://www.inthenews.co.kr/news/article.html?no=47967,"Thu, 18 Aug 2022 10:04:00 +0900"
255,尹 담대한 구상 발맞추나…美 ‘북한 광산 인프라 부족’ 진단,"당초 지난해까지 1150만 달러 규모 대북지원을 예정했지만, 북한이 2020년 1월 <b>코로나</b>19 유입 차단을 위해 국경을 봉쇄해 중단됐다. 이 때문에 지난해 사업 기간을 1년 연장했는데 이번에 추가로 1년을 더 연장하는 것이다.",https://www.etoday.co.kr/news/view/2164616,https://www.etoday.co.kr/news/view/2164616,"Thu, 18 Aug 2022 10:04:00 +0900"
256,"진원생명과학 미국 자회사 공장 10월 준공식, 바이오의약품 위탁생산 확대",최근 <b>코로나</b>19 mRNA 백신을 비롯한 mRNA 기반 의약품이 주목받으며 플라스미드DNA 수요가 급증하고 있다. 하지만 전문적인 위탁생산시설은 많지 않아 플라스미드DNA 위탁생산시장의 급성장이 예상된다. 시장... ,https://www.businesspost.co.kr/BP?command=article_view&num=290242,https://www.businesspost.co.kr/BP?command=article_view&num=290242,"Thu, 18 Aug 2022 10:04:00 +0900"
257,[코로나19] 신규확진 17만8574명…위중증 470명·사망 61명,중앙방역대책본부는 18일 0시 기준으로 <b>코로나</b>19 신규 확진자가 17만8574명 늘어 누적... 전날 <b>코로나</b>19로 사망한 사람은 61명이다. 누적 사망자는 2만5813명으로 0.12%의 치명률을 기록했다. ◆ 재원중... ,http://www.joseilbo.com/news/news_read.php?uid=463668&class=33&grp=,https://n.news.naver.com/mnews/article/123/0002283499?sid=102,"Thu, 18 Aug 2022 10:03:00 +0900"
258,미국·일본에 이어 캐나다도 타이완 방문… 10월 예정,이어 신종 <b>코로나</b>바이러스 감염증(<b>코로나</b>19) 확산 전 캐나다 의원들은 2년마다 타이완을 방문했다고 덧붙였다. 그는 &quot;무역 기회가 있는 곳 어디든 찾아가 캐나다 기업들에게 문을 열도록 노력할 것&quot;이라고 밝혔다. 이와 관련... ,http://moneys.mt.co.kr/news/mwView.php?no=2022081808281573350,https://n.news.naver.com/mnews/article/417/0000843847?sid=104,"Thu, 18 Aug 2022 10:03:00 +0900"
259,"NH농협은행, '방역핀패드' 1700대 도입",NH농협은행은 <b>코로나</b>19 확산 방지와 고객의 안전한 금융거래를 위해 &apos;방역핀패드&apos; 1700대를 전 영업점에... 조상진 IT부문 부행장은 &quot;최근 <b>코로나</b>19 재확산에 따라 확대를 서두르게 됐다&quot;며 &quot;고객 가치를 최우선으로 하고... ,http://www.enewstoday.co.kr/news/articleView.html?idxno=1591786,http://www.enewstoday.co.kr/news/articleView.html?idxno=1591786,"Thu, 18 Aug 2022 10:03:00 +0900"
260,'정직한 후보2' 라미란 스틸 공개…'두 얼굴의 주상숙',<b>코로나</b>19 펜데믹 여파로 극장가 침체기가 시작된 지난 2020년 2월 개봉해 153만 명의 관객을 모으며 흥행에 성공한 &apos;정직한 후보&apos;의 속편이다. 이날 공개된 캐릭터 스틸은 주상숙의 두 모습을 담고 있어 눈길을 끈다.... ,http://news.tf.co.kr/read/entertain/1959241.htm,https://n.news.naver.com/mnews/article/629/0000167445?sid=106,"Thu, 18 Aug 2022 10:02:00 +0900"
261,"세종시, 아시아 국제안전도시 연차대회 준비 총력",시는 지난 2년간 <b>코로나</b>19 세계적유행(팬데믹)으로 미뤄져 왔던 행사인 만큼 이번 연차대회가 국제안전도시 간 교류 협력과 학술의 장이 될 수 있도록 남은 기간 동안 행정력을 집중할 계획이다. 다만 최근 <b>코로나</b>19... ,http://www.ccnnews.co.kr/news/articleView.html?idxno=266260,http://www.ccnnews.co.kr/news/articleView.html?idxno=266260,"Thu, 18 Aug 2022 10:02:00 +0900"
262,"""中 관광객만 돌아오면 게임 끝""…'강추 종목' 1년 뒤 실상 [마켓PRO]",결정적인 키(key)를 쥐고 있는 외국인 관광객들이 <b>코로나</b>19 재확산에 가로막힌 탓. 리오프닝 최대 수혜주가... <b>코로나</b>19가 국내 증시를 강타한 이후 &apos;V자 반등&apos;을 이뤄내던 지난 2020년 7월 국민연금은 롯데관광개발... ,https://www.hankyung.com/finance/article/202208180882i,https://n.news.naver.com/mnews/article/015/0004738207?sid=101,"Thu, 18 Aug 2022 10:02:00 +0900"
263,"아이쿱자연드림 노플라스틱 약속 캠페인, 3만 4천 명 참여",또한 <b>코로나</b>19로 어려움을 겪어온 소상공인에게 기픈물 50박스를 체험 지원하는 챌린지를 병행해 플라스틱... 아이쿱생협연합회 김정희 회장은 &quot;단순한 환경 캠페인이 아니라 <b>코로나</b>19와 물가 상승에 고생하고 있는... ,http://www.e2news.com/news/articleView.html?idxno=244607,http://www.e2news.com/news/articleView.html?idxno=244607,"Thu, 18 Aug 2022 10:02:00 +0900"
264,소득세·법인세 더 걷혔지만 나라살림적자 '101.9조',"규모가 발행 규모를 초과해 5월 말 잔액보다 감소한 것&quot;이라고 설명했다.한편 정부는 관리재정수지 적자 규모를 <b>코로나</b>19 이전 수준으로 되돌리고, 재정준칙을 법제화해 엄격하게 재정을 관리할 방침이다. 손차민",https://www.asiatoday.co.kr/view.php?key=20220818010010603,https://www.asiatoday.co.kr/view.php?key=20220818010010603,"Thu, 18 Aug 2022 10:02:00 +0900"
265,"하이트진로, ‘2022 이슬라이브 페스티벌’ 공식티켓 판매 개시",이슬라이브 페스티벌은 국내 유일의 소주 뮤직페스티벌로 <b>코로나</b>19로 인해 2019년 이후 3년만에 열린다. 올해는 9월 3일 경기도 가평군 자라섬에서 진행된다. 하이트진로 마케팅실 오성택 상무는 “이슬라이브... ,https://www.youthdaily.co.kr/news/article.html?no=108743,https://www.youthdaily.co.kr/news/article.html?no=108743,"Thu, 18 Aug 2022 10:02:00 +0900"
266,[특징주] 진원생명과학 소폭 하락…자회사 VGXI 10월 美 공장 준공식 개최,진원생명과학은 <b>코로나</b>19 치료제 관련주로 계속해서 투자자들의 관심을 받고 있는 가운데 자회사 VGXI가... 한편 중앙재난안전대책본부에 따르면 이날 0시 기준 <b>코로나</b> 신규 확진자는 17만8574명으로 집계됐다.... ,https://www.jejutwn.com/news/article.html?no=142654,https://www.jejutwn.com/news/article.html?no=142654,"Thu, 18 Aug 2022 10:02:00 +0900"
267,"""'다이닝 맛집' 강화"" 롯데百 본점, 19일 '델리 코너' 재단장 오픈",특히 <b>코로나</b> 기간 배달 음식이나 테이크 아웃 매장 선호가 높았던 반면 최근엔 매장에서 식사를 즐기는 &apos;다이닝&apos; 맛집 수요가 다시 큰 폭으로 늘고 있다. 실제 지난달 롯데백화점 &apos;다이닝&apos;은 전년 대비 매출이 2배 가까이... ,https://www.socialvalue.kr/news/view/1065574575493309,https://www.socialvalue.kr/news/view/1065574575493309,"Thu, 18 Aug 2022 10:02:00 +0900"
268,"CJ프레시웨이, 햄버거·샌드위치·샐러드 관련 식자재 매출 51.6% ↑","이는 <b>코로나</b>19 여파로 간편식과 배달 및 테이크아웃 음식 시장이 커지면서 햄버거·샌드위치·샐러드에 대한 수요가 증가함에 따라 발 빠르게 업종 특화 상품 라인업을 갖추고, 고객사 전용 상품을 개발하는 등 다양한 밀... ",http://www.asiaa.co.kr/news/articleView.html?idxno=95871,http://www.asiaa.co.kr/news/articleView.html?idxno=95871,"Thu, 18 Aug 2022 10:02:00 +0900"
269,"양주시 옥정호수도서관, ‘토요감성터치 콘서트’ 운영",시 도서관 관계자는 “이번 토요감성터치 콘서트는 문화의 날을 맞은 시민 누구나 평등하게 문화를 향유할 수 있도록 마련한 것으로 <b>코로나</b> 시대 지역 연주자와 함께하는 감성과 치료의 행사로 다가가길 바란다”고... ,https://www.dnews.co.kr/uhtml/view.jsp?idxno=202208180952129320793,https://www.dnews.co.kr/uhtml/view.jsp?idxno=202208180952129320793,"Thu, 18 Aug 2022 10:02:00 +0900"
270,"토이트론, 서초구가족센터 초등생 과학 멘토링 프로그램 진행",토이 트론 관계자는 “<b>코로나</b>19의 장기화로 우리 아이들을 위한 다양한 체험 프로그램과 돌봄 프로그램이 크게 줄었다. 이번 과학 멘토링 프로그램을 통해 서초구 관내 초등학생들에게 믿을 만한 회사의 믿음직한 과학... ,https://kizmom.hankyung.com/news/view.html?aid=202208180985o,https://kizmom.hankyung.com/news/view.html?aid=202208180985o,"Thu, 18 Aug 2022 10:02:00 +0900"
271,"수능 원서접수 시작, 9월2일까지…성적 통지 12월9일 [교육플러스]","단, <b>코로나</b>19 확진 등으로 격리 통보를 받은 수험생, 장애인(시험편의제공대상자), 수형자, 군 복무자, 입원중인 환자, 해외 거주자(해외여행자는 제외) 등은 대리접수를 할 수 있다. 재학생은 재학중인 학교에서 일괄... ",http://news.heraldcorp.com/view.php?ud=20220817000891,https://n.news.naver.com/mnews/article/016/0002029850?sid=102,"Thu, 18 Aug 2022 10:02:00 +0900"
272,"꾸준하게 늘어나는 골프 관련 매출, 최근 6개월간 1조원 기록",<b>코로나</b>19 대유행 기간 온라인 마켓에서 빠르게 성장한 골프 시장이 사회적 거리두기 해제 이후 저변을 확대하며 급격히 매출이 늘고 있는 것으로 나타났다. 업계 1위 이커머스 전문 데이터 분석 플랫폼... ,http://jtbcgolf.joins.com/news/news_view.asp?ns1=41971,https://sports.news.naver.com/news.nhn?oid=470&aid=0000014163,"Thu, 18 Aug 2022 10:02:00 +0900"
273,"유정복 인천시장, 예산확보 위한 광폭 행보…국민의힘과 예산협의","한편, 정부는 지난 7월 7일 개최한 대통령 주재 ‘2022년 국가재정전략회의’에서 국가재정 정상화와 재정의 지속가능성 제고를 위해 공공부문 보조사업 정비와 <b>코로나</b> 한시지출 정상화 등을 통한 초고강도 지출구조... ",https://www.dnews.co.kr/uhtml/view.jsp?idxno=202208180921505280766,https://www.dnews.co.kr/uhtml/view.jsp?idxno=202208180921505280766,"Thu, 18 Aug 2022 10:02:00 +0900"
274,"코빗, EDM페스티벌 '울트라코리아 2022' NFT 판매",이롸 관련 오세진 대표는 &quot;<b>코로나</b>19 여파로 3년 만에 열리는 축제인 만큼 NFT로 평생 소장해 축제를 더 의미 있게 기억할 수 있다&quot;며 &quot;앞으로도 다양한 행사와 연계해 코빗의 NFT를 많은 분들에게 소개하고 싶다&quot;고... ,http://www.nextdaily.co.kr/news/articleView.html?idxno=208822,http://www.nextdaily.co.kr/news/articleView.html?idxno=208822,"Thu, 18 Aug 2022 10:02:00 +0900"
275,"전남대병원, 호남 지역 최초 심혈관계 하이브리드룸 개소","특히 심혈관계 하이브리드룸은 <b>코로나</b>19 등 감염병으로 인해 감염 제어 시설을 설치, 음압이나 양압 상태에서 응급 시술 및 수술이 가능하다. 순환기내과 정명호 교수는 &quot;전남대병원은 전국에서 가장 많은 급성 심근경색... ",http://www.monews.co.kr/news/articleView.html?idxno=314573,http://www.monews.co.kr/news/articleView.html?idxno=314573,"Thu, 18 Aug 2022 10:02:00 +0900"
276,바이올리니스트 김다미 “입만 살았다는 선생님 되고 싶지 않아”,“지난해 잡혀 있던 국내외 연주일정이 <b>코로나</b>19로 모두 취소되면서 ‘연습은 해서 뭐 하나’라는 생각이... 또 하나는 <b>코로나</b>19로 심신이 지치거나 무료한 사람들이 대중적이고 아름다운 선율의 음악을 들으며 행복한... ,http://www.segye.com/content/html/2022/08/18/20220818507802.html?OutUrl=naver,https://n.news.naver.com/mnews/article/022/0003726192?sid=103,"Thu, 18 Aug 2022 10:02:00 +0900"
277,경남은행 민생 지원 '통 큰 결단',"<b>코로나</b>19 여파를 비롯해 여러 가지 이유로 어려움을 겪는 취약층에 다시 일어설 디딤돌을 마련해주자는 취지다. 박완수 경남도지사, 김지완 BNK금융그룹 회장, 최홍영 BNK경남은행장이 협약식에 참석했다. 협약에 따라... ",http://www.idomin.com/news/articleView.html?idxno=802333,http://www.idomin.com/news/articleView.html?idxno=802333,"Thu, 18 Aug 2022 10:02:00 +0900"
278,“절친 정우성 캐스팅이 가장 어려웠어요”,"됐다.” <b>코로나</b>19 사태로 해외 촬영이 힘들었다. 태국이나 일본, 미국 장면은 어떻게 촬영했나. “일본과 태국... 현지에 가서 찍는 것만큼 효과적인 건 없지만 <b>코로나</b> 시국에는 그것이 최선이었다. <b>코로나</b> 확산세가 갈수록... ",https://shindonga.donga.com/3/all/13/3577984/1,https://n.news.naver.com/mnews/article/262/0000015805?sid=103,"Thu, 18 Aug 2022 10:02:00 +0900"
279,"쿠첸, 추석맞아 '강秋쇼핑' 프로모션...최대 4만원 리워드",또한 <b>코로나</b>19 상황을 고려해 혼자 추석을 보내는 &apos;혼추족&apos;을 위한 3인용 밥솥 &apos;121 ME&apos;와 냉동식품을 갓 만든 음식처럼 만들어주는 &apos;인버터 복합레인지&apos;도 기획전을 통해 할인가로 선보인다. 행사 기간 중 프로모션... ,http://www.slist.kr/news/articleView.html?idxno=377577,http://www.slist.kr/news/articleView.html?idxno=377577,"Thu, 18 Aug 2022 10:02:00 +0900"
280,신규확진 17만명대로 소폭 감소,"해외유입 역대 최다 경신 18일 국내 <b>코로나</b>19 신규 확진자가 17만명대로 소폭 줄어들었다. 중앙방역대책본부는 이날 0시 기준으로 신규 확진자가 17만8천574명 발생, 누적 2천186만1천296명이 됐다고 밝혔다. 이는... ",http://www.viewsnnews.com/article?q=204331,http://www.viewsnnews.com/article?q=204331,"Thu, 18 Aug 2022 10:02:00 +0900"
281,"농협은행, 방역핀패드 1천700대 확대 운영","NH농협은행은 <b>코로나</b>19 확산 방지와 고객의 안전한 금융 거래를 위해 오는 19일부터 9월 중순까지... 조상진 농협은행 IT부문 부행장은 &quot;최근 <b>코로나</b>19 재확산에 따라 확대를 서두르게 됐다&quot;며, &quot;고객 가치를 최우선으로... ",http://www.efnews.co.kr/news/articleView.html?idxno=97963,http://www.efnews.co.kr/news/articleView.html?idxno=97963,"Thu, 18 Aug 2022 10:02:00 +0900"
282,상반기까지 국세 36.5조 더 걷혔다…2차 추경에 재정적자 101.9조,"예산 사업의 경우 지방교부세·교부금, <b>코로나</b> 위기 대응 사업(특고 등 취약계층 지원, 방역 보강 등) 등으로 전년동기대비 19조5000억 원이 증가했다. 기금도 소상공인 손실보전금 지급 등으로 35조2000억 원... ",https://www.etoday.co.kr/news/view/2164600,https://www.etoday.co.kr/news/view/2164600,"Thu, 18 Aug 2022 10:02:00 +0900"
283,"식약처-환자단체, 의료제품 안전정책 추진 간담회",오유경 처장은 &quot;<b>코로나</b>19 상황으로 많이 힘들었을 환자분들에게 위로의 말씀을 드린다&quot;면서 &quot;환자들이 안심하고 식품과 의약품을 사용할 수 있도록 환자의 목소리를 듣고 물으며 환자와 양방향 소통하는 식약처로... ,http://www.dailypharm.com/Users/News/NewsView.html?ID=291004&REFERER=NP,http://www.dailypharm.com/Users/News/NewsView.html?ID=291004&REFERER=NP,"Thu, 18 Aug 2022 10:02:00 +0900"
284,"서울시, 추석 연휴에 고속·시외버스 증편 운행","뿐만 아니라 신종 <b>코로나</b>바이러스 감염증(이하 <b>코로나</b>19)에도 안전하고 편리하게 터미널을 이용할 수 있도록 방역 및 시설 점검에도 나선다. 감염병 확산 차단을 위해 매표소, 대합실, 화장실 등 각 시설들의 상태 및 방역... ",https://kizmom.hankyung.com/news/view.html?aid=202208181091o,https://kizmom.hankyung.com/news/view.html?aid=202208181091o,"Thu, 18 Aug 2022 10:02:00 +0900"
285,"""경사났네 경사났어"" 영동군 송아지 ‘세쌍둥이’ 태어나",정영철 영동군수는 “해당 농가에 직접 방문해 기쁨을 함께 축하하고 싶었으나 <b>코로나</b>와 가축방역을 위해 농가 방문을 자제하고 전화로 축하의 말을 전했다”라고 말했다. 영동= pungluiin@,http://www.joongdo.co.kr/web/view.php?key=20220818010004956,http://www.joongdo.co.kr/web/view.php?key=20220818010004956,"Thu, 18 Aug 2022 10:02:00 +0900"
286,"저축은행업계, 집중호우 피해 지원 성금 3억원 기부",앞서 저축은행 업계는 지난 강원도 산불과 <b>코로나</b>19 관련 국가적 재난 상황에도 성금을 기부한 바 있다. 뿐만 아니라 <b>코로나</b>19 관련 만기연장·상환유예 등 금융지원 프로그램에도 적극 참여하며 어려움에 처한 자영업자... ,http://www.g-enews.com/ko-kr/news/article/news_all/2022081809584824057c99d70e7d_1/article.html,http://www.g-enews.com/ko-kr/news/article/news_all/2022081809584824057c99d70e7d_1/article.html,"Thu, 18 Aug 2022 10:02:00 +0900"
287,"KB국민카드, 해외 저소득층 아동 지원 위한 고객 참여형 봉사활동 실시",이번 캠페인은 <b>코로나</b>19 상황을 고려해 비대면 사회공헌 활동으로 KB금융그룹 캐릭터인 &apos;스타프렌즈&apos;가 도안된 티셔츠에 고객이 직접 채색해 완성하는 &apos;사랑T&apos; 만들기와 가정 내 재사용할 수 있는 의류와 학용품 등... ,http://www.efnews.co.kr/news/articleView.html?idxno=97964,http://www.efnews.co.kr/news/articleView.html?idxno=97964,"Thu, 18 Aug 2022 10:02:00 +0900"
288,"올 상반기 재정적자 100조... “2차 추경 집행, 6월에 몰린 탓”",<b>코로나</b> 소상공인 손실보상 등 2차 추가경정예산 집행이 6월에 집중된 여파다. 12월까지 1년간 적자폭은... 상반기 관리재정수지 적자가 100조원을 넘어선 것은 <b>코로나</b> 첫해인 2020년(110조5000억원) 이후 2년... ,https://www.chosun.com/economy/economy_general/2022/08/18/7HUDIREMOVALNAWKR3IJICZZBI/?utm_source=naver&utm_medium=referral&utm_campaign=naver-news,https://n.news.naver.com/mnews/article/023/0003710631?sid=101,"Thu, 18 Aug 2022 10:01:00 +0900"
289,"신학철 LG화학 부회장, 글로벌 인재 영입하러 이번엔 뉴욕행","매해 정기적으로 미국과 유럽 등 주요 지역에서 열렸지만, 2020년에는 <b>코로나</b>19로 일시 중단했다. 지난해 9월 뉴저지를 시작으로 BC투어를 재개했다. LG화학의 BC투어는 최고경영자(CEO)의 비즈니스 출장과 연계해... ",https://biz.chosun.com/industry/company/2022/08/18/XVNHCAYNE5ESVAJI5KESW3PH7U/?utm_source=naver&utm_medium=original&utm_campaign=biz,https://n.news.naver.com/mnews/article/366/0000834932?sid=101,"Thu, 18 Aug 2022 10:01:00 +0900"
290,"나라살림 적자, 상반기 100조원 넘어…국가채무 1천8조원","총지출은 지방교부세·교부금, 특수형태근로종사자(특고) 지원을 포함한 신종 <b>코로나</b>바이러스 감염증(<b>코로나</b>19) 위기 대응 사업 등으로 예산 지출이 1년 전보다 19조5천억원 늘었다. 소상공인 손실보전금 지급... ",https://www.yna.co.kr/view/AKR20220818031400002?input=1195m,https://n.news.naver.com/mnews/article/001/0013382280?sid=101,"Thu, 18 Aug 2022 10:01:00 +0900"
291,"시프트, 분코·헤이데이무드와 콜라보 욕실 프로모션 선봬",하경수 시프트 대표는 “지친 몸을 이끌고 집에 돌아왔을 때 짧은 10분의 샤워 시간이 힐링을 선사하는 위로의 시간이 되길 바란다”며 “<b>코로나</b>로 인해 힘들었던 일상을 건강하게 회복할 수 있는 색다른 샤워... ,http://www.edaily.co.kr/news/newspath.asp?newsid=01813846632428632,https://n.news.naver.com/mnews/article/018/0005294933?sid=101,"Thu, 18 Aug 2022 10:01:00 +0900"
292,"WHO ""원숭이두창 발병, 일주일만에 20% 증가""","신종 <b>코로나</b>바이러스 감염증(COVID-19, <b>코로나</b>19) 대유행 시기에 전 세계 백신 공급이 불균형적이었던 전례를 되풀이하지 않아야 한다는 취지다. 천연두 예방 백신은 원숭이두창 감염을 약 85% 가량 억제하는 것으로... ",https://www.dongascience.com/news/view/55862,https://n.news.naver.com/mnews/article/584/0000019927?sid=103,"Thu, 18 Aug 2022 10:01:00 +0900"
293,"[1mm 금융톡] ""금융위도 박수치는 우리금융 취약계층 지원""",이것만으로는 <b>코로나</b>19로 인한 취약계층의 경제적 피해를 복구하는 게 부족하다고 생각했었다. 김주현... <b>코로나</b>19 국면에서 은행들이 줄줄이 내놓은 지원 정책을 실제로는 별 효과가 없는 &apos;보여주기&apos;식 대책이란 비판이... ,https://view.asiae.co.kr/article/2022081809503156605,https://n.news.naver.com/mnews/article/277/0005134318?sid=101,"Thu, 18 Aug 2022 10:01:00 +0900"
294,6월까지 세수 37조 더 걷혔지만 ‘2차 추경 집행’에 재정 적자 102조,"이런 세수 증가에도 불구하고 신종 <b>코로나</b> 바이러스 감염증(<b>코로나</b>19) 위기 대응 등 2차 추가경정예산(추경) 사업 집행에 총지출이 더 늘면서, 관리재정수지 적자는 100조원대를 넘어섰다. 다만 국가채무는... ",https://biz.chosun.com/policy/policy_sub/2022/08/18/OYYPCILL3RDQVP252ZV6YF3NEE/?utm_source=naver&utm_medium=original&utm_campaign=biz,https://n.news.naver.com/mnews/article/366/0000834933?sid=101,"Thu, 18 Aug 2022 10:01:00 +0900"
295,대전서 이틀 연속 6천명대 확진…주간 하루평균 4천명대,대전에서 이틀 연속 6천명대 <b>코로나</b>19 확진자가 나왔다. 18일 대전시에 따르면 전날 6천70명이 <b>코로나</b>19 양성 판정을 받았다. 앞서 지난 16일에는 6천177명이 확진됐다. 126일 만에 다시 6천명을 넘어선... ,https://www.yna.co.kr/view/AKR20220815018653063?input=1195m,https://n.news.naver.com/mnews/article/001/0013382282?sid=102,"Thu, 18 Aug 2022 10:01:00 +0900"
296,경기 4만2435명 신규 확진…1주 전의 1.2배로 증가,"도내 <b>코로나</b>19 확진자가 4만2천435명이라고 밝혔다. 전날인 16일 4만5천964명보다 3천529명 줄었지만... 도내 <b>코로나</b>19 전담 병상 가동률은 57.7%로 전날(60.0%)보다 2.3%포인트 낮아졌지만, 중증 환자 병상... ",https://www.yna.co.kr/view/AKR20220818041600061?input=1195m,https://n.news.naver.com/mnews/article/001/0013382277?sid=102,"Thu, 18 Aug 2022 10:01:00 +0900"
297,상반기 '재정 적자' 100조원 돌파…나랏빚 1007조 쌓였다,"항목별로 예산이 지방교부세·교부금, <b>코로나</b> 위기 대응 사업(특고 등 취약계층 지원, 방역 보강 등) 등으로 전년동기 대비 19조5000원 했다. 기금도 소상공인 손실보전금 지급 등으로 전년 동기 대비... ",http://www.fnnews.com/news/202208180914576665,https://n.news.naver.com/mnews/article/014/0004884911?sid=101,"Thu, 18 Aug 2022 10:01:00 +0900"
298,"오세훈, '아이 키우기 좋은 서울' 만든다…5년간 14.7조 투입","아울러 스마트폰 과다노출, <b>코로나</b>19로 인한 집콕, 원격수업 등 급변하는 보육환경에서 자라나는 아이들의 언어·지능 발달 지연을 예방하고 전문가 치료까지 원스톱으로 받을 수 있는 ‘서울아이 발달지원 센터’도... ",https://view.asiae.co.kr/article/2022081719461798351,https://n.news.naver.com/mnews/article/277/0005134317?sid=102,"Thu, 18 Aug 2022 10:01:00 +0900"
299,대전 확진자 이틀째 6000명대 고공행진…일주일 전보다 1802명↑,신종 <b>코로나</b>바이러스 감염증(<b>코로나</b>19) 재유행 속에 대전지역 신규 확진자 수가 소폭 감소했지만 이틀째 6000명대 고공행진을 하며 불안한 개학 시즌을 맞았다. 18일 질병관리청과 대전시에... ,https://www.news1.kr/articles/4776309,https://n.news.naver.com/mnews/article/421/0006283833?sid=102,"Thu, 18 Aug 2022 10:00:00 +0900"
